SET foreign_key_checks = 0;
DELETE FROM frs_Cash;
DELETE FROM frs_Cheque;
DELETE FROM frs_CreditCard;
DELETE FROM frs_DebitCard;
DELETE FROM frs_FilmRental;
DELETE FROM frs_RentalStatus;
DELETE FROM frs_Payment;
DELETE FROM frs_PaymentType;
DELETE FROM frs_PaymentStatus;
DELETE FROM frs_DVD;
DELETE FROM frs_ShopFilm;
DELETE FROM frs_Film;
DELETE FROM frs_Customer;
DELETE FROM frs_Employee;
DELETE FROM frs_Shop;
DELETE FROM frs_Distributor;

SET foreign_key_checks = 1;

INSERT INTO frs_Distributor(distid, distname, diststreet, distcity, distpostcode, distphone) values

(1,	'DVD Supplies',		'007 Bond Street', 	'Preston', 	'PR1 0PR',	'07771112220'),
(2,	'Film Rentals',		'1 Top Street', 	'Huddersfield', 'HD1 1PR',	'01112223330'),
(3,	'Maddie on Film',	'2 Alpha Road', 	'Halifax', 	'HX9 1AB',	'02227771110'),
(4,	'Nathans Movies',	'3 Beta Grove', 	'Wakefield', 	'WA2 2QW',	'06661112220'),
(5,	'DVDs 4U',		'4 Gamma Street', 	'Burnley', 	'BB7 3ZZ',	'07775552220');

INSERT INTO frs_Shop(shopid, shopname, shopstreet, shopcity, shoppostcode, shopphone, distid) values 

(1,	'Smiths DVDs',		'4 Delta Street', 	'Preston', 	'PR2 1PR',	'09991112220', 1),
(2,	'Bobs Films',		'5 Epsilon Street', 	'Huddersfield', 'HD2 2AB',	'03332223330', 2),
(3,	'Film Fans',		'6 Eta Road', 		'Halifax', 	'HX3 1DB',	'04447771110', 3),
(4,	'Movies R Us',		'7 Theta Grove', 	'Halifax', 	'HX2 2QW',	'06660002220', 3),
(5,	'DVDs 2 Rent',		'8 Iota Street', 	'Mirfield', 	'WA13 4PR',	'01111112220', 4),
(6,	'Film Rentals',		'9 Kappa Street', 	'Huddersfield', 'HD3 1PO',	'05552223330', 2),
(7,	'Film to Go',		'2 Lambda Road', 	'Blackburn', 	'BB9 1AB',	'08887771110', 5),
(8,	'B Movies',		'3 Mu Grove', 		'Blackburn', 	'BB2 3RW',	'06661111110', 5),
(9,	'The A List',		'7 Nu Street', 		'Burnley', 	'BB14 0PR',	'07771114440', 5),
(10,	'Picture House',	'1 Omicron Street', 	'Huddersfield', 'HD5 1DD',	'01112225550', 4),
(11,	'Picture This',		'2 Pie Road', 		'Halifax', 	'HX8 1PP',	'02227776660', 4),
(12,	'Flixters',		'3 Omega Lane', 	'Wakefield', 	'WA8 2AW',	'06661117770', 4);

SET foreign_key_checks = 0;

INSERT INTO frs_Employee(empnin, mgrnin, empname, empstreet, empcity, emppostcode, empphone, emphiredate, shopid) values 

('NIN001',	'',	 	'John RUSSELL',		'56 Clover Drive',	'Preston', 	'PR1 1WS',	'02578964358',	'2005-11-11', 	1),
('NIN002',	'', 		'Carl BACHS', 		'69 Firth Street',	'Huddersfield',	'HD1 3DH',	'01734982664',	'2006-10-01', 	2),
('NIN003',	'', 		'Emanuel FORT', 	'123 Main Street',	'Halifax', 	'PR1 3GL',	'03468974566',	'2006-10-01', 	3),
('NIN004',	'', 		'Ian HALL', 		'32 Manse Road',	'Preston', 	'PR9 1NZ',	'07895855792',	'2005-09-01', 	4),
('NIN005',	'', 		'Karen JUDA', 		'22 Deer Street',	'Huddersfield', 'HD1 1WN',	'01470258036',	'2005-10-11', 	5),
('NIN006',	'', 		'Mikael LOHM', 		'321 Duck Street',	'Manchester',	'M11 2MA',	'03216549870',	'2004-10-01', 	6),
('NIN007',	'', 		'Olive NEPAL', 		'6 Argyle Street',	'Huddersfield', 'HD1 5AH',	'01597538520',	'2004-10-21', 	7),
('NIN008',	'', 		'John White', 		'1 Red Street',		'Blackburn', 	'BB3 3BB',	'01741085520',	'2004-12-01',	8),
('NIN009',	'', 		'Anne BUCKNER',  	'2 Orange Road',	'Wakefield', 	'WA1 1WA',	'01593571597',	'2010-11-10',	9),
('NIN010',	'', 		'Diamuid CUSAAK',  	'3 Yellow Drive',	'Wakefield', 	'WA2 2AW',	'01321321567',	'2008-11-24',	10),
('NIN011',	'', 		'Emma DODD',  		'4 Green Street',	'Burnley', 	'BB9 9BB',	'02602601471',	'2010-02-19',	11),
('NIN012',	'', 		'Frances EARLY',  	'5 Blue Avenue',	'Burnley', 	'BB9 1AZ',	'01212147897',	'2001-06-03',	12),
('NIN013',	'NIN009',	'Gupal FAZOOK',  	'6 Indigo Lane',	'Burnley', 	'BB9 2QA',	'03698741036',	'2005-02-19',	9),
('NIN014',	'NIN005',	'Hanni GUPTAR',  	'7 Violet View',	'Mirfield', 	'WA9 9OP',	'04789654321',	'2005-06-13',	5),
('NIN015',	'NIN005',	'Ishmail HOWE',  	'8 Purple Haze',	'Mirfield', 	'WA9 1IO',	'05478998745',	'2010-07-24',	5),
('NIN016',	'NIN012',	'Jenny INNIS',  	'9 Pink Plaza',		'Mirfield', 	'WA9 2QW',	'06555777896',	'2010-09-11',	12),
('NIN017',	'NIN012',	'Keith JACKMAN',  	'1 Crimson Crescent',	'Mirfield', 	'WA9 3TR',	'01479879879',	'2011-12-24',	12),
('NIN018',	'NIN002',	'Joe Keogh', 		'2 Fergus Drive', 	'Huddersfield', 'HD2 7SX',	'01233685432', 	'2009-10-01', 	2),
('NIN019',	'NIN003',	'Carol Farrel', 	'6 Achray Street', 	'Halifax', 	'HX1 9DX',	'01455870023', 	'2008-10-01', 	3),
('NIN020',	'NIN003',	'Emma MONTFORT', 	'63 Well Street', 	'Halifax', 	'HX2 6TT',	'01455722142', 	'2007-10-01', 	3),
('NIN021',	'NIN004',	'Tony Shaw', 		'12 Park Place', 	'Halifax', 	'HX4 0QR',	'01455462887', 	'2006-10-01', 	4),
('NIN022',	'NIN007',	'Selwyn RUSSELL', 	'1 Amber Buildings',	'Blackburn', 	'BB7 3CD',	'01234685432',	'2005-11-01', 	7),
('NIN023',	'NIN008',	'Eric THOMAS', 		'2 Beswick Crescent',	'Blackburn', 	'BB2 4RT',	'01345870023', 	'2005-12-01', 	8),
('NIN024',	'NIN011',	'Denis CHOW', 		'3 Croft Drive',	'Wakefield', 	'WA3 4EF',	'01456722142', 	'2005-10-11', 	11),
('NIN025',	'NIN006',	'Alice Eve',		'4 Dipper Grove',	'Wakefield', 	'WA4 5FG',	'01897462887', 	'2005-10-21', 	6),
('NIN026',	'NIN009',	'Ben Hurr',		'5 Epping Grange',	'Burnley', 	'BB9 6GH',	'01322837461', 	'2005-10-31', 	9),
('NIN027',	'NIN010',	'Carl Smith',		'6 Fairway Hill', 	'Mirfield', 	'WA9 7HJ',	'01556904883', 	'2015-10-01', 	10),
('NIN028',	'NIN010',	'David Antil',		'7 Grouse Hall',	'Huddersfield',	'HD7 8JK',	'01334583300', 	'2014-10-01', 	10),
('NIN029',	'NIN010',	'Elsie Tanner', 	'8 Hornbill Lane',	'Huddersfield',	'HD8 9KL',	'01551237791', 	'2013-10-01', 	10),
('NIN030',	'NIN007',	'Faith Brown', 		'9 Ipstone Lodge',	'Manchester',	'MK9 0LM',	'01446984223', 	'2012-10-01', 	7),
('NIN031',	'NIN008',	'George Brown', 	'10 Jay Mall', 		'Manchester',	'ML7 2MN',	'01287326648', 	'2011-10-01', 	8);

SET foreign_key_checks = 1;

INSERT INTO frs_Customer(custid, custname, custstreet, custcity, custpostcode, custphone) values

(1,	"Unity Mckay",		"81 Duffy Street.",				"Preston",		"PR4 2QW",	"37107903969"),
(2,	"Melissa Dejesus",	"16 Acacia Avenue",				"Halifax",		"HX3 2WE",	"92797694789"),
(3,	"Denton Farley",	"9 Duis Avenue",				"Halifax",		"HX7 3ER",	"96899499063"),
(4,	"Jordan Hurst",		"99 Dubai Road",				"Halifax",		"HX3 3TR",	"74442644378"),
(5,	"Nina Silva",		"11 A Street",					"Halifax",		"HX2 2ZR",	"69331438486"),
(6,	"Iola Vance",		"21 Quis Rd.",					"Huddersfield",		"HD2 3AS",	"12601965985"),
(7,	"Edan Rosario",		"4 Utley Street.",				"Burnley",		"BB17 4RT",	"03480897136"),
(8,	"Adam Calhoun",		"21 Dictum Street.",				"Preston",		"PR22 2ED",	"28407103708"),
(9,	"Gisela Curtis",	"40 Auctor Road.",				"Blackburn",		"BB1 1BB",	"32405150318"),
(10,	"Sara Barry",		"15 Felis Street",				"Wakefield",		"WA4 2AS",	"79733804335"),
(11,	"Reece Guerra",		"350 Sagittis Avenue.",				"Huddersfield",		"HD5 7YT",	"83656897807"),
(12,	"Ezekiel Howell",	"6 Vitae Road.",				"Halifax",		"HX6 9YT",	"16101352993"),
(13,	"Griffith Velez",	"5 Eleifend Road.",				"Blackburn",		"BB2 6TR",	"64580974718"),
(14,	"Gannon Erickson",	"8 Ultricies St.",				"Blackburn",		"BB3 2ER",	"55719695891"),
(15,	"Fay Ross",		"73 Aliquet, Rd.",				"Huddersfield",		"HD7 6RE",	"37642009564"),
(16,	"Guy Kramer",		"5 Suspendisse Av.",				"Huddersfield",		"HD4 5YU",	"62326088283"),
(17,	"Sybil Riggs",		"4578 Gravida Rd.",				"Huddersfield",		"HD5 4PO",	"66326701581"),
(18,	"Justina Scott",	"5 Nunction St.",				"Huddersfield",		"HD5 5OP",	"10082739759"),
(19,	"Elvis Bright",		"7 Luctus St.",					"Huddersfield",		"HD8 7UY",	"05188246666"),
(20,	"Abdul Noble",		"77 Innes Road",				"Halifax",		"HX3 4EW",	"77737510676"),
(21,	"Gil Wynn",		"22 Naff Av.",					"Burnley",		"BB12 8BB",	"11968486217"),
(22,	"Willa Cline",		"48 Fusce Avenue",				"Burnley",		"BB12 7KB",	"81763724655"),
(23,	"Armando Kelly",	"Powe House",					"Mirfield",		"WA1 2BC",	"61740980737"),
(24,	"Renee Chan",		"193 Semtex Avenue",				"Blackburn",		"BB4 7PR",	"02379614686"),
(25,	"Abbot Schroeder",	"24 Semper Rd.",				"Burnley",		"BB13 1AB",	"05980093727"),
(26,	"Quinn Finch",		"36 Libero Avenue",				"Halifax",		"HX11 3MN",	"75810373071"),
(27,	"Seth Acevedo",		"Blobby Road.",					"Mirfield",		"WA12 9YU",	"99577278566"),
(28,	"Carl Massey",		"25 Curabitur Rd.",				"Blackburn",		"BB9 2AS",	"02255632144"),
(29,	"Hope Jimenez",		"Black Street",					"Halifax",		"HX7 2ER",	"11025714634"),
(30,	"Carol Flores",		"69 Burnley Road",				"Blackburn",		"BB5 0TR",	"40088109731"),
(31,	"Luke Cunningham",	"24 Sed Road",					"Halifax",		"HX4 3MG",	"50871943525"),
(32,	"Ross Daniel",		"37 Mauris Avenue",				"Blackburn",		"BB5 3GG",	"26507509198"),
(33,	"Riley Petersen",	"83 Eu Road.",					"Halifax",		"HX1 1AA",	"61712244490"),
(34,	"Naida Perkins",	"37 Orci Street.",				"Mirfield",		"WA14 9IU",	"27873163184"),
(35,	"Leah Merritt",		"7 Magnis Road.",				"Halifax",		"HX3 2ER",	"37360316252"),
(36,	"Stuart Golden",	"30 Amet Avenue.",				"Halifax",		"HX3 3TT",	"12597434849"),
(37,	"Serina Carver",	"P6 Mauris. Street",				"Burnley",		"BB12 9UU",	"51852193289"),
(38,	"Sheila Walker",	"357 A Street",					"Preston",		"PR5 7YY",	"34939163481"),
(39,	"Dustin Decker",	"2 Convallis Avenue",				"Blackburn",		"BB1 6II",	"58034931233"),
(40,	"Seth Silva",		"72 Vitae Road.",				"Preston",		"PR2 2VB",	"59036799327"),
(41,	"Cairo Cruz",		"92 Nunc Road.",				"Halifax",		"HX4 6DS",	"77818075266"),
(42,	"Geraldine Hoffman",	"38 Eros Avenue",				"Huddersfield",		"HD7 8DS",	"13544936091"),
(43,	"Stewart Hines",	"63 Et Road.",					"Halifax",		"HX6 7UU",	"41021631249"),
(44,	"Linus Alvarez",	"69 Lobortis St.",				"Halifax",		"HX7 8HH",	"57005852415"),
(45,	"Lee Farrell",		"60 Nisl. St.",					"Preston",		"PR1 5RT",	"27704495301"),
(46,	"Finn Ferrell",		"83 Felis. Rd.",				"Halifax",		"HX6 6TR",	"87274865380"),
(47,	"Brooke Conrad",	"8 Luctus St.",					"Huddersfield",		"HD3 8UY",	"10234775961"),
(48,	"Nichole Zamora",	"583 Eu Avenue.",				"Huddersfield",		"HD4 7WY",	"32675363882"),
(49,	"Lesley Lucas",		"928-5238 Luctus St.",				"Huddersfield",		"HD5 6XY",	"61986811231"),
(50,	"Rudyard Phelps",	"214 Turpis. Street",				"Huddersfield",		"HD675YY",	"81772176528"),
(51,	"Jada Gill",		"16 Purus Avenue",				"Huddersfield",		"HD3 4ZY",	"20728020709"),
(52,	"Alyssa Fuller",	"93 Justo Street",				"Halifax",		"454665",	"63893865009"),
(53,	"Myles Barrera",	"5 Lectus Street.",				"Huddersfield",		"HD8 9II",	"51338961970"),
(54,	"Xantha Cooke",		"9 Lobortis Road",				"Preston",		"PR1 5GH",	"50073097260"),
(55,	"Kameko Ware",		"105 Ridiculus Rd.",				"Blackburn",		"BB9 6JJ",	"37610821599"),
(56,	"Medge Ortiz",		"64 In Avenue.",				"Burnley",		"BB15 0PO",	"58240692620"),
(57,	"Callie Allen",		"74 East. Avenue",				"Halifax",		"HX2 3FG",	"04000433169"),
(58,	"Herrod Maddox",	"1 Crumb Avenue.",				"Wakefield",		"WA2 3SS",	"17187137688"),
(59,	"Todd Shelton",		"357 Purus Rd.",				"Huddersfield",		"HD6 9NM",	"30700612063"),
(60,	"Brenden Franks",	"86 Purus Ave",					"Huddersfield",		"HD7 9IO",	"67625558759"),
(61,	"Ulla Bond",		"209 Utter Street.",				"Blackburn",		"BB1 9JH",	"43209990958"),
(62,	"Boris Workman",	"5 Eleifend Roadd.",				"Wakefield",		"WA2 3AS",	"20597745382"),
(63,	"Christen Benton",	"1 Aliquam Street",				"Wakefield",		"WA3 3BS",	"29113798000"),
(64,	"Fleur Rocha",		"98 Velit. Street.",				"Wakefield",		"WA4 3CS",	"47596330391"),
(65,	"Savannah Hayes",	"36 Euismod Avenue",				"Burnley",		"BB16 8UI",	"25417838169"),
(66,	"Ulric Shannon",	"44 Euismod Rd.",				"Wakefield",		"WA1 5GB",	"19116545847"),
(67,	"Cleo Taylor",		"48 Non, Road.",				"Huddersfield",		"HD5 5TT",	"43384322661"),
(68,	"Camille Dorsey",	"2 Scelerisque Ave",				"Preston",		"PR3 5TR",	"07504808130"),
(69,	"Xanthus Lindsay",	"25 Uttter Street.",				"Preston",		"PR4 6RD",	"55167793740"),
(70,	"Illana Ewing",		"9 Felis. Avenue",				"Blackburn",		"BB7 9UJ",	"31769603961"),
(71,	"Mason Boyer",		"19 Aliquam Road.",				"Huddersfield",		"HD4 7YT",	"74920452976"),
(72,	"Jonah Ross",		"58 Proin Road.",				"Mirfield",		"WA15 8HB",	"40875566440"),
(73,	"Hamilton Washing",	"8 Malesuada St.",				"Mirfield",		"WA14 7YH",	"98089356363"),
(74,	"Lev Atkins",		"5 Auctor Road",				"mirfield",		"WA13 6HH",	"98624318069"),
(75,	"Erasmus Sears",	"2 Ligula. St.",				"Huddersfield",		"HD5 9II",	"50915954838"),
(76,	"Tyler Snow",		"9 Duis Avenue",				"Blackburn",		"BB9 6NM",	"57066803259"),
(77,	"Simon Guerra",		"1 Quam, Street.",				"Mirfield",		"WA12 7DS",	"17685662647"),
(78,	"Hammett Herman",	"8 Vel Road.",					"Burnley",		"BB16 8HJ",	"28069132352"),
(79,	"Mohammad Ferguson",	"54 Euro Avene",				"Halifax",		"HX5 1NJ",	"23028849620"),
(80,	"Yoshi Stein",		"55 Aliquam Road.",				"Burnley",		"BB17 5GF",	"53324561074"),
(81,	"Lael Mayo",		"8 Hugo, Street",				"Huddersfield",		"HD6 6YT",	"84147423574"),
(82,	"Patience Dillard",	"6 Ace Avenue",					"Mirfield",		"WA19 9OL",	"09085056024"),
(83,	"Erica Brock",		"28 Senectus Drive",				"Halifax",		"HX9 7UY",	"23653186872"),
(84,	"Hillary Deleon",	"4 Erat Drive.",				"Burnley",		"BB21 9BV",	"89302750364"),
(85,	"Trevor Rush",		"243 Natoque Street.",				"Blackburn",		"BB5 7KM",	"65365680572"),
(86,	"Emily Cochran",	"20 Quam. Avenue.",				"Blackburn",		"BB7 7TR",	"13701876996"),
(87,	"Felix Maxwell",	"92 Innes Road.",				"Halifax",		"HX9 8JF",	"57987719959"),
(88,	"Yardley Beach",	"323 Egret Road.",				"Huddersfield",		"HD1 6RE",	"17693089579"),
(89,	"Kasimir Reynolds",	"9 Risus. Road",				"Huddersfield",		"HD2 3EA",	"99508686958"),
(90,	"Yael Mendez",		"17, Ullamcorper Street",			"Preston",		"PR4 8UB",	"13560138139"),
(91,	"Hilda Cleveland",	"161 Amet Street.",				"Blackburn",		"BB3 9HB",	"51090492984"),
(92,	"Otto Huff",		"3 Ornare Street.",				"Huddersfield",		"HD1 2RT",	"84385763618"),
(93,	"Thor Garrison",	"9 Dictum Ave",					"Huddersfield",		"HD2 6YH",	"36078922426"),
(94,	"Elmo Salas",		"6 Sodales Avenue",				"Halifax",		"HX4 8UB",	"43691210064"),
(95,	"Galena Bowers",	"33 Enim. Road",				"Mirfield",		"WA19 7NM",	"17413130217"),
(96,	"Violet Roberson",	"4 Egestas Road.",				"Wakefield",		"WA2 2ES",	"31967552843"),
(97,	"Bruno Waters",		"2 Ligula. Avenue",				"Burnley",		"BB18 8HL",	"20377059236"),
(98,	"Beverly Maxwell",	"81 Suspendisse Street",			"Huddersfield",		"HD3 4RA",	"01980403326"),
(99,	"Wylie Knowles",	"81 Nonummy Street",				"Halifax",		"HX5 7UB",	"16038536325"),
(100,	"Amela Jimenez",	"32 Mauris St.",				"Halifax",		"HX6 7DD",	"50431599019");

INSERT INTO frs_Film(filmid, filmtitle, filmdescription, filmdirector, filmrating, filmstarname) values

(1,	"Bruce Almighty",					"A guy who complains about God too often is given almighty powers to teach him how difficult it is to run the world",						"Tom Shadyac",		"PG",	"Jim Carrey"),
(2,	"Evan Almighty",					"God contacts Congressman Evan Baxter and tells him to build an ark in preparation for a great flood",								"Tom Shadyac",		"PG",	"Steve Carell"),
(3,	"Bedtime Stories",					"A hotel handyman's life changes when the lavish bedtime stories he tells his niece and nephew start to magically come true", 					"Adam Shankman",	"PG",	"Adam Sandler"),
(4,	"Inception",						"A thief uses dream-sharing technology to plant an idea into the mind of a CEO",										"Christopher Nolan",	"12A",	"Leonardo DiCaprio"),
(5,	"Divergent",						"When Tris discovers a plot to destroy Divergents, she and the mysterious Four must find out what makes Divergents dangerous",					"Neil Burger",		"12A",	"Shailene Woodley"),
(6,	"The Descendants",					"A land baron tries to reconnect with his two daughters after his wife is seriously injured in a boating accident",						"Alexander Payne",	"15",	"George Clooney"),
(7,	"Star Wars: Episode I - The Phantom Menace",		"Two Jedi Knights find a young boy who may bring balance to the Force, but the Sith resurface to reclaim their old glory",					"George Lucas",		"U",	"Liam Neeson"),
(8,	"Star Wars: Episode II - Attack of the Clones",		"Anakin Skywalker shares a forbidden romance with Padmé, while Obi-Wan discovers a secret clone army crafted for the Jedi",					"George Lucas",		"PG",	"Ewan McGregor"),
(9,	"Star Wars: Episode III - Revenge of the Sith",		"The Sith Lord Darth Sidious steps out of the shadows. Anakin succumbs to his emotions, becoming Darth Vader",							"George Lucas",		"12A",	"Hayden Christensen"),
(10,	"Star Wars: Episode IV - A New Hope",			"Luke Skywalker joins forces with a Jedi Knight, to save the universe from the Empire's world-destroying battle-station",					"George Lucas",		"U",	"Mark Hamil"),
(11,	"Star Wars: Episode V - The Empire Strikes Back", 	"Luke Skywalker takes advanced Jedi training with Master Yoda, while his friends are pursued by Darth Vader",							"Irvin Kershner",	"U",	"Harrison Ford"),
(12,	"Star Wars: Episode VI - Return of the Jedi",		"After rescuing Han Solo from the palace of Jabba the Hutt, the rebels attempt to destroy the second Death Star",						"Richard Marquand",	"U",	"Carrie Fisher"),
(13,	"Star Wars: Episode VII - The Force Awakens",		"A continuation of the saga created by George Lucas set thirty years after Star Wars: Episode VI - Return of the Jedi ",					"JJ Abrahams",		"12A",	"Harrison Ford"),
(14,	"Star Trek: The Motion Picture",			"An alien spacecraft is spotted approaching Earth. Admiral Kirk resumes command of the Starship Enterprise in order to intercept the intruder",			"Robert Wise",		"U",	"William Shatner"),
(15,	"Star Trek II: The Wrath of Khan", 			"Kirk must stop an old nemesis, Khan Noonien Singh, from using his son's life-generating Genesis Device, as the ultimate weapon",				"Nicholas Meyer",	"12",	"Leonard Nimoy"),
(16,	"Star Trek III: The Search for Spock",			"Kirk and his bridge crew risk their careers stealing the Enterprise to return to the restricted Genesis planet to recover Spock's body",			"Leonard Nimoy",	"PG",	"DeForest Kelley "),
(17,	"Star Trek IV: The Voyage Home",			"To save Earth from an alien probe, Kirk and his crew go back in time to retrieve the only beings who can communicate with it, humpback whales",		"Leonard Nimoy",	"PG",	"George Takei"),
(18,	"Star Trek V: The Final Frontier",			"Kirk and his crew must deal with Spock's half-brother who hijacks the Enterprise to search for God at the center of the galaxy",				"William Shatner",	"PG",	"James Doohan"),
(19,	"Star Trek VI: The Undiscovered Country ",		"Kirk and McCoy are charged with assassinating the Klingon High Chancellor and imprisoned",									"Chaim Reynolds",	"PG",	"Walter Koenig"),
(20,	"Star Trek: Generations",				"Picard, with the help of supposedly dead Captain Kirk, must stop a madman willing to murder on a planetary scale in order to enter an energy ribbon",		"David Carson",		"PG",	"Patrick Stewart"),
(21,	"Star Trek: First Contact",				"Captain Picard and his crew pursue the Borg back in time to stop them from preventing Earth's first contact with an alien species.",				"Jonathan Frakes",	"12",	"Brent Spiner"),
(22,	"Star Trek: Insurrection",				"When the crew of the Enterprise learn of a Federation conspiracy against the inhabitants of a unique planet, Picard begins an open rebellion",			"Jonathan Frakes",	"PG",	"Marina Sirtis"),
(23,	"Star Trek: Nemesis",					"The Enterprise is diverted to the Romulan homeworld Romulus, supposedly because they want to negotiate a peace treaty",					"Stuart Baird",		"12A",	"Gates McFadden"),
(24,	"Star Trek",						"Kirk tries to live up to his father's legacy with Mr. Spock keeping him in check as a vengeful, time-traveling Romulan creates black holes to destroy the Federation one planet at a time",			"JJ Abrahams",		"PG",	"Chris Pine"),
(25,	"Star Trek: Into Darkness",				"After the crew of the Enterprise find an unstoppable force of terror from within their own organization, Captain Kirk leads a manhunt to a war-zone world to capture a one-man weapon of mass destruction",	"JJ Abrahams",		"PG",	"Zachary Quinto"),
(26,	"The Hobbit: An Unexpected Journey",			"Bilbo Baggins, sets out to the Lonely Mountain with a spirited group of dwarves to reclaim their mountain home - and the gold within it - from the dragon Smaug",						"Peter Jackson",	"PG",	"Martin Freeman"),
(27,	"The Lord of the Rings: The Fellowship of the Ring",	"A meek hobbit of the Shire and eight companions set out on a journey to Mount Doom to destroy the One Ring and the dark lord Sauron",										"Peter Jackson",	"PG",	"Elijah Wood"),
(28,	"The Lord of the Rings: The Two Towers",		"Frodo and Sam edge closer to Mordor with the help of the shifty Gollum, the divided fellowship makes a stand against Sauron's new ally, Saruman",								"Peter Jackson",	"PG",	"Ian McKellan"),
(29,	"The Lord of the Rings: The Return of the King",	"Gandalf and Aragorn lead the World of Men against Sauron's army to draw his gaze from Frodo and Sam as they approach Mount Doom with the One Ring",								"Peter Jackson",	"PG",	"Viggo Mortensen"),
(30,	"Speed",						"A young police officer must prevent a bomb exploding aboard a city bus by keeping its speed above 50 mph",													"Jan de Bont",		"PG",	"Sandra Bullock"),
(31,	"The Fast and the Furious",				"Los Angeles police officer Brian O'Connor must decide where his loyalties really lie when he becomes enamored with the street racing world he has been sent undercover to destroy",				"Rob Cohen",		"15",	"Vin Diesel"),
(32,	"2 Fast 2 Furious",					"Brian O'Conner and childhood friend Roman Pearce are re-united by the FBI to bring down a Miami drug exporter in exchange for clear records",									"John Singleton",	"15",	"Paul Walker"),
(33,	"Fast & Furious",					"Brian O'Conner, now working for the FBI in LA, teams up with Dominic Toretto to bring down a heroin importer by infiltrating his operation",									"Justin Lin",		"PG",	"Vin Diesel"),
(34,	"The Fast and the Furious: Tokyo Drift",		"A teenager becomes a major competitor in the world of drift racing after moving in with his father in Tokyo to avoid a jail sentence in America",								"Justin Lin",		"12A",	"Lucas Black"),
(35,	"Fast & Furious 5",					"Dominic Toretto and his crew of street racers plan a massive heist to buy their freedom while in the sights of a powerful Brazilian drug lord and a dangerous federal agent",					"Justin Lin",		"12A",	"Dwayne Johnson"),
(36,	"Fast & Furious 6",					"Hobbs has Dominic and Brian reassemble their crew to take down a team of mercenaries: Dominic unexpectedly gets convoluted also facing his presumed deceased girlfriend, Letty",				"Justin Lin",		"12A",	"Dwayne Johnson"),
(37,	"Fast & Furious 7",					"Deckard Shaw seeks revenge against Dominic Toretto and his family for his comatose brother",															"Justin Lin",		"12A",	"Paul Waller"),
(38,	"Insurgent.",						"Beatrice Prior must confront her inner demons and continue her fight against a powerful alliance which threatens to tear her society apart with the help from others on her side",				"Robert Schwentke",	"12A",	"Shailene Woodley"),
(39,	"Harry Potter and the Philosopher's Stone",		"Rescued from the outrageous neglect of his aunt and uncle, a young boy with a great destiny proves his worth while attending Hogwarts School of Witchcraft and Wizardry",					"Chris Columbus",	"PG",	"Daniel Radcliffe"),
(40,	"Harry Potter and the Chamber of Secrets ",		"Harry ignores warnings not to return to Hogwarts, only to find the school plagued by a series of mysterious attacks and a strange voice haunting him",								"Chris Columbus",	"PG",	"Rupert Grint"),
(41,	"Harry Potter and the Prisoner of Azkaban",		"It's Harry's third year at Hogwarts and there is trouble brewing. Convicted murderer Sirius Black has escaped the Wizards' Prison and is coming after Harry",							"Alfonso Cuarón ",	"PG",	"Emma Watson"),
(42,	"Harry Potter and the Goblet of Fire",			"Harry finds himself mysteriously selected as an under-aged competitor in a dangerous tournament between three schools of magic",										"Mike Newell ",		"PG-13","Michael Gambon "),
(43,	"Harry Potter and the Order of the Phoenix",		"With their warning about Lord Voldemort's return scoffed at, Harry and Dumbledore are targeted by the Wizard authorities as an authoritarian bureaucrat slowly seizes power at Hogwarts",			"David Yates",		"12A",	"Ralph Fiennes"),
(44,	"Harry Potter and the Half-Blood Prince",		"As Harry Potter begins his sixth year at Hogwarts, he discovers an old book marked as the property of the Half-Blood Prince and begins to learn more about Lord Voldemort's dark past",			"David Yates",		"12A",	"Alan Rickman"),
(45,	"Harry Potter and the Deathly Hallows: Part 1",		"As Harry races against time and evil to destroy the Horcruxes, he uncovers the existence of three most powerful objects in the wizarding world: the Deathly Hallows",						"David Yates",		"12A",	"Robbie Coltrane"),
(46,	"Harry Potter and the Deathly Hallows: Part 2",			"Harry, Ron and Hermione search for Voldemort's remaining Horcruxes in their effort to destroy the Dark Lord as the final battle rages on at Hogwarts",							"David Yates",		"12A",	"Maggie Smith "),
(47,	"Pirates of the Caribbean: The Curse of the Black Pearl",	"Blacksmith Will Turner teams up with eccentric pirate Captain Jack Sparrow to save his love, the governor's daughter, from Jack's former pirate allies, who are now undead",				"Gore Verbinski",	"12A",	"Johnny Depp"),
(48,	"Pirates of the Caribbean: Dead Man's Chest",			"Jack Sparrow races to recover the heart of Davy Jones to avoid enslaving his soul to Jones' service, as other friends and foes seek the heart for their own agenda as well",				"Gore Verbinski",	"12A",	"Orlando Bloom"),
(49,	"Pirates of the Caribbean: At World's End",			"Captain Barbossa, Will Turner and Elizabeth Swann must sail off the edge of the map, navigate treachery and betrayal, and make their final alliances for one last decisive battle",			"Gore Verbinski",	"12A",	"Keira Knightley"),
(50,	"Pirates of the Caribbean: On Stranger Tides",			"Jack Sparrow and Barbossa embark on a quest to find the elusive fountain of youth, only to discover that Blackbeard and his daughter are after it too",						"Rob Marshall",		"12A",	"Geoffrey Rush"),
(51,	"Les Misérables",						"Jean Valjean, who for decades has been hunted by the ruthless policeman Javert, agrees to care for a factory worker's daughter. The decision changes their lives for ever",				"Tom Hooper",		"PG-13","Hugh Jackman"),
(52,	"Mamma Mia!",					"The story of a bride-to-be trying to find her real father told using hit songs by the popular '70s group ABBA",													"Phyllida Lloyd",	"PG",	"Amanda Seyfried"),
(53,	"Hairspray",					"Pleasantly plump teenager Tracy Turnblad teaches 1962 Baltimore a thing or two about integration after landing a spot on a local TV dance show",									"Adam Shankman",	"15",	"Nikki Blonsky"),
(54,	"Grease",					"Good girl Sandy and greaser Danny fell in love over the summer. But when they unexpectedly discover they're now in the same high school, will they be able to rekindle their romance?",				"Randal Kleiser",	"PG",	"Olivia Newton-John"),
(55,	"Saturday Night Fever",				"A Brooklyn teenager feels his only chance to succeed is as the king of the disco floor. His carefree youth and weekend dancing help him to forget the reality of his bleak life",					"John Badham",		"R",	"John Travolta"),
(56,	"Pitch Perfect",				"Beca, a freshman at Barden University, is cajoled into joining The Bellas, her school's all-girls singing group. Injecting some much needed energy into their repertoire",						"Jason Moore",		"PG",	"Anna Kendrick"),
(57,	"The Hunger Games",				"Katniss Everdeen voluntarily takes her younger sister's place in the Hunger Games, a televised fight to the death in which two teenagers from each of the twelve Districts of Panem are chosen at random to compete",	"Gary Ross",		"PG",	"Jennifer Lawrence"),
(58,	"The Hunger Games: Catching Fire",		"Katniss Everdeen and Peeta Mellark become targets of the Capitol after their victory in the 74th Hunger Games sparks a rebellion in the Districts of Panem",								"Francis Lawrence",	"PG",	"Josh Hutcherson"),
(59,	"The Hunger Games: Mockingjay - Part 1 ",	"Katniss Everdeen is in District 13. Under the leadership of President Coin and the advice of her trusted friends, Katniss spreads her wings as she fights to save Peeta and a nation moved by her courage",		"Francis Lawrence",	"PG",	"Donald Sutherland"),
(60,	"The Dictator",					"The heroic story of a dictator who risks his life to ensure that democracy would never come to the country he so lovingly oppressed",											"Larry Charles",	"15",	"Sacha Baron Cohen"),
(61,	"Borat",			"Kazakh TV talking head Borat is dispatched to the United States to report on the greatest country in the world. With a documentary crew in tow, Borat becomes more interested in locating and marrying Pamela Anderson",		"Larry charles",	"15",	"Sacha Baron Cohen"),
(62,	"Bruno",			"Flamboyant Austrian fashionista Brüno takes his show to America",																					"Larry Charles",	"18",	"Sacha Baron Cohen"),
(63,	"The Simpsons Movie",		"After Homer accidentally pollutes the town's water supply, Springfield is encased in a gigantic dome by the EPA and the Simpson family are declared fugitives",									"David Silverman",	"PG",	"Dan Castellaneta"),
(64,	"Team America: World Police",	"Popular Broadway actor Gary Johnston is recruited by the elite counter-terrorism organization Team America. As the world begins to crumble around him, he must battle with terrorists, celebrities and falling in love",		"Trey Parker",		"15",	"Matt Stone"),
(65,	"After Earth",			"A crash landing leaves Kitai Raige and his father Cypher stranded on Earth, a millennium after events forced humanity's escape. With Cypher injured, Kitai must embark on a perilous journey to signal for help",			"M. Night Shyamalan",	"12A",	"Jaden Smith"),
(66,	"The Pursuit of Happyness",	"A struggling salesman takes custody of his son as he's poised to begin a life-changing professional endeavor",																"Gabriele Muccino ",	"12A",	"Will Smith"),
(67,	"Hitch",			"While helping his latest client woo the fine lady of his dreams, a professional date doctor finds that his game doesn't quite work on the gossip columnist with whom he's smitten",							"Andy Tennant ",	"12A",	"Will Smith"),
(68,	"Hancock",			"Hancock is a superhero whose ill considered behavior regularly causes damage in the millions. He changes when one person he saves helps him improve his public image",									"Peter Berg",		"12A",	"Will Smith"),
(69,	"I, Robot",			"In 2035 a technophobic cop investigates a crime that may have been perpetrated by a robot, which leads to a larger threat to humanity",												"Alex Proyas ",		"12A",	"Will Smith"),
(70,	"I Am Legend",			"Years after a plague kills most of humanity and transforms the rest into monsters, the sole survivor in New York City struggles valiantly to find a cure",										"Francis Lawrence",	"15",	"Will Smith"),
(71,	"Men in Black",			"A streetwise NYPD detective joins a secret organization that polices extraterrestrial affairs on Earth",										"Barry Sonnenfeld","PG-13","Tommy Lee Jones"),
(72,	"Men in Black II.",		"Agent J needs help so he is sent to find Agent K and restore his memory",														"Barry Sonnenfeld","PG","Tommy Lee Jones"),
(73,	"Men in Black III",		"Agent J travels in time to M.I.B.'s early days in 1969 to stop an alien from assassinating his friend Agent K and changing history",							"Barry Sonnenfeld","PG","Tommy Lee Jones"),
(74,	"Independence Day",		"The aliens are coming and their goal is to invade and destroy. Fighting superior technology, Man's best weapon is the will to survive",						"Roland Emmerich","12","Bill Pullman"),
(75,	"The Day After Tomorrow",	"Jack Hall must make a daring trek across America to reach his son, trapped in a sudden international storm which plunges the planet into a new Ice Age",				"Roland Emmerich","12A","Dennis Quaid"),
(76,	"My Week with Marilyn",		"Colin Clark, an employee of Sir Laurence Olivier's, documents the tense interaction between Olivier and Marilyn Monroe during the production of The Prince and the Showgirl (1957)",									"Simon Curtis","15","Michelle Williams"),
(77,	"The Imitation Game",		"During World War II, mathematician Alan Turing tries to crack the enigma code with help from fellow mathematicians",																	"Morten Tyldum","12A","Benedict Cumberbatch"),
(78,	"The Theory of Everything",	"A look at the relationship between the famous physicist Stephen Hawking and his wife",																					"James Marsh","12","Eddie Redmayne"),
(79,	"The Grand Budapest Hotel",	"The adventures of Gustave H, a legendary concierge at a famous hotel from the fictional Republic of Zubrowka between the first and second World Wars, and Zero Moustafa, the lobby boy who becomes his most trusted friend",				"Wes Anderson","15","Ralph Fiennes"),
(80,	"Battleship",			"A fleet of ships is forced to do battle with an armada of unknown origins in order to discover and thwart their destructive goals",															"Peter Berg","PG-13","Alexander Skarsgård"),
(81,	"Total Recall",			"A factory worker, Douglas Quaid, begins to suspect that he is a spy after visiting Rekall - a company that provides its clients with implanted fake memories of a life they would like to have led - goes wrong and he finds himself on the run",	"Len Wiseman","PG-13","Colin Farrell"),
(82,	"John Carter",			"Transported to Barsoom, a Civil War vet discovers a barren planet seemingly inhabited by 12-foot tall barbarians. Finding himself prisoner of these creatures, he escapes, only to encounter Woola and a princess in desperate need of a savior",	"Andrew Stanton","PG-13","Taylor Kitsch"),
(83,	"Clash of the Titans",		"Perseus, mortal son of Zeus, battles the minions of the underworld to stop them from conquering heaven and earth","Louis Leterrier","PG-13","Sam Worthington"),
(84,	"Battle Los Angeles",		"A squadron of U.S. Marines becomes the last line of defense against a global invasion.","Jonathan Liebesman","PG-13","Aaron Eckhart"),
(85,	"Cowboys & Aliens",		"A spaceship arrives in Arizona, 1873, to take over the Earth, starting with the Wild West region. A posse of cowboys and natives are all that stand in their way","Jon Favreau","PG-13","Daniel Craig"),
(86,	"Dr. No","			A suave and skilled government agent named James Bond, looks for answers about a missing colleague and the disruption of the American space program",									"Terence Young","Approved","Sean Connery"),
(87,	"From Russia with Love",	"James Bond willingly falls into an assassination ploy involving a naive Russian beauty in order to retrieve a Soviet encryption device that was stolen by SPECTRE",							"Terence Young","Approved","Sean Connery"),
(88,	"Goldfinger",			"Investigating a gold magnate's smuggling, James Bond uncovers a plot to contaminate the Fort Knox gold reserve",													"Guy Hamilton","Approved","Sean Connery"),
(89,	"Thunderball",			"James Bond heads to The Bahamas to recover two nuclear warheads stolen by SPECTRE agent Emilio Largo in an international extortion scheme",										"Terence Young","Approved","Sean Connery"),
(90,	"You Only Live Twice",			"Agent 007 and the Japanese secret service ninja force must find and stop the true culprit of a series of spacejackings before nuclear war is provoked",							"Lewis Gilbert","Approved","Sean Connery"),
(91,	"On Her Majesty's Secret Service",	"James Bond woos a mob boss's daughter and goes undercover to uncover the true reason for Blofeld's allergy research in the Swiss Alps that involves beautiful women from around the world",			"Peter R. Hunt","M","George Lazenby"),
(92,	"Diamonds Are Forever",			"A diamond smuggling investigation leads James Bond to Las Vegas, where he uncovers an extortion plot headed by his nemesis, Ernst Stavro Blofeld",								"Guy Hamilton","GP","Sean Connery"),
(93,	"Live and Let Die",		"007 is sent to stop a diabolically brilliant heroin magnate armed with a complex organization and a reliable psychic tarot card reader",										"Guy Hamilton","PG","Roger Moore"),
(94,	"The Man with the Golden Gun",	"Bond is led to believe that he is targeted by the world's most expensive assassin and must hunt him down to stop him",													"Guy Hamilton","PG","Roger Moore"),
(95,	"The Spy Who Loved Me",		"James Bond investigates the hijacking of British and Russian submarines carrying nuclear warheads with the help of a KGB agent whose lover he killed",									"Lewis Gilbert","PG","Roger Moore"),
(96,	"Moonraker","			James Bond investigates the mid-air theft of a space shuttle and discovers a plot to commit global genocide",														"Lewis Gilbert","PG","Roger Moore"),
(97,	"For Your Eyes Only",		"Agent 007 is assigned to hunt for a lost British encryption device and prevent it from falling into enemy hands",													"John Glen","PG","Roger Moore"),
(98,	"Octopussy",			"A fake Fabergé egg and a fellow agent's death lead James Bond to uncover an international jewel-smuggling operation, headed by the mysterious Octopussy, being used to disguise a nuclear attack on N.A.T.O. forces",	"John Glen","PG","Roger Moore"),
(99,	"Never Say Never Again",	"A SPECTRE agent has stolen two American nuclear warheads, and James Bond must find their targets before they are detonated",												"Irvin Kershner","PG","Sean Connery"),
(100,	"A View to a Kill",		"An investigation of a horse-racing scam leads 007 to a mad industrialist who plans to create a worldwide microchip monopoly by destroying California's Silicon Valley",						"John Glen","PG","Roger Moore"),
(101,	"The Living Daylights",		"James Bond is living on the edge to stop an evil arms dealer from starting another world war. Bond crosses all seven continents in order to stop the evil Whitaker and General Koskov",				"John Glen","PG","Timothy Dalton"),
(102,	"Licence to Kill",		"James Bond goes rogue and sets off to unleash vengeance on a drug lord who tortured his best friend, a C.I.A. agent, and left him for dead and murdered his bride after he helped capture him",			"John Glen","15","Timothy Dalton"),
(103,	"GoldenEye",			"James Bond teams up with the lone survivor of a destroyed Russian research center to stop the hijacking of a nuclear space weapon by a fellow agent believed to be dead",						"Martin Campbell ","PG-13","Pierce Brosnan"),
(104,	"Tomorrow Never Dies",		"James Bond heads to stop a media mogul's plan to induce war between China and the UK in order to obtain exclusive global media coverage",										"Roger Spottiswoode","PG-13","Pierce Brosnan"),
(105,	"The World Is Not Enough",	"James Bond uncovers a nuclear plot when he protects an oil heiress from her former kidnapper, an international terrorist who can't feel pain",										"Michael Apted","12","Pierce Brosnan"),
(106,	"Die Another Day",		"James Bond is sent to investigate the connection between a North Korean terrorist and a diamond mogul who is funding the development of an international space weapon",						"Lee Tamahori","12A","Pierce Brosnan"),
(107,	"Casino Royale",		"Armed with a licence to kill, Secret Agent James Bond sets out on his first mission as 007 and must defeat a weapons dealer in a high stakes game of poker at Casino Royale, but things are not what they seem",	"Martin Campbell","PG-13","Daniel Craig"),
(108,	"Quantum of Solace",		"James Bond descends into mystery as he tries to stop a mysterious organization from eliminating a country's most valuable resource. All the while, he still tries to seek revenge over the death of his love",		"Marc Forster","12A","Daniel Craig"),
(109,	"Skyfall",			"Bond's loyalty to M is tested when her past comes back to haunt her. Whilst MI6 comes under attack, 007 must track down and destroy the threat, no matter how personal the cost",					"Sam Mendes","12A","Daniel Craig"),
(110,	"Twilight",					"A teenage girl risks everything when she falls in love with a vampire",																"Catherine Hardwicke ","12A","Kristen Stewart"),
(111,	"The Twilight Saga: New Moon",			"Edward leaves Bella after an attack that nearly claimed her life, and in her depression she falls into yet another paranormal relationship- this time with werewolf Jacob Black",			"Chris Weitz","12A","Kristen Stewart"),
(112,	"The Twilight Saga: Eclipse",			"As a string of mysterious killings grips Seattle, Bella, whose high school graduation is fast approaching, is forced to choose between her love for vampire Edward and her friendship with Jacob",	"David Slade","12A","Kristen Stewart"),
(113,	"The Twilight Saga: Breaking Dawn - Part 1",	"The Quileutes close in on expecting parents Edward and Bella, whose unborn child poses a threat to the Wolf Pack and the towns people of Forks",							"Bill Condon","12A","Robert Pattinson"),
(114,	"The Twilight Saga: Breaking Dawn - Part 2",	"After the birth of Renesmee, the Cullens gather other vampire clans in order to protect the child from a false allegation that puts the family in front of the Volturi",				"Bill Condon","12A","Robert Pattinson"),
(115,	"Snow White and the Huntsman",			"In a twist to the fairy tale, the Huntsman ordered to take Snow White into the woods to be killed winds up becoming her protector and mentor in a quest to vanquish the Evil Queen",			"Rupert Sanders","12A","Kristen Stewart"),
(116,	"The Notebook",					"A poor and passionate young man falls in love with a rich young woman and gives her a sense of freedom. They soon are separated by their social differences",						"Nick Cassavetes","12A","Gena Rowlands"),
(117,	"The Vow",			"A car accident puts Paige in a coma, and when she wakes up with severe memory loss, her husband Leo works to win her heart again",											"Michael Sucsy","12","Rachel McAdams"),
(118,	"Dear John",			"A romantic drama about a soldier who falls for a conservative college student while he's home on leave",														"Lasse Hallström","12A","Channing Tatum"),
(119,	"P.S. I Love You",		"A young widow discovers that her late husband has left her 10 messages intended to help ease her pain and start a new life",												"Richard LaGravenese","12A","Hilary Swank"),
(120,	"A Walk to Remember",		"The story of two North Carolina teens, Landon Carter and Jamie Sullivan, who are thrown together after Landon gets into trouble and is made to do community service",							"Adam Shankman","PG","Mandy Moore"),
(121,	"300",				"King Leonidas and a force of 300 men fight the Persians at Thermopylae in 480 B.C",																	"Zack Snyder","15","Gerard Butler"),
(122,	"Troy",				"An adaptation of Homer's great epic, the film follows the assault on Troy by the united Greek forces and chronicles the fates of the men involved",									"Wolfgang Petersen","15","Brad Pitt"),
(123,	"Avatar",			"A Paraplegic Marine dispatched to the moon Pandora on a unique mission becomes torn between following his orders and protecting the world he feels is his home",							"James Cameron","12A","Sam Worthington"),
(124,	"Spiderman",			"When bitten by a genetically modified spider, a nerdy, shy, and awkward high school student gains spider-like abilities that he eventually must use to fight evil as a superhero after tragedy befalls his family",	"Sam Raimi","12A","Tobey Maguire"),
(125,	"Spiderman 2",			"Peter Parker is beset with troubles in his failing personal life as he battles a brilliant scientist named Doctor Otto Octavius",											"Sam Raimi","12A","Tobey Maguire"),
(126,	"Spiderman 3",			"A strange black entity from another world bonds with Peter Parker and causes inner turmoil as he contends with new villains, temptations, and revenge",								"Sam Raimi","12A","Kirsten Dunst"),
(127,	"Transformers",				"An ancient struggle between two Cybertronian races, the heroic Autobots and the evil Decepticons, comes to Earth, with a clue to the ultimate power held by a teenager",					"Michael Bay","12A","Shia LaBeouf"),
(128,	"Transformers: Revenge of the Fallen",	"Sam Witwicky leaves the Autobots behind for a normal life. But when his mind is filled with cryptic symbols, the Decepticons target him and he is dragged back into the Transformers' war",			"Michael Bay","12A","Megan Fox"),
(129,	"Transformers: Dark of the Moon",	"The Autobots learn of a Cybertronian spacecraft hidden on the moon, and race against the Decepticons to reach it and to learn its secrets",									"Michael Bay","12A","Rosie Huntington"),
(130,	"Transformers: Age of Extinction",	"Autobots must escape sight from a bounty hunter who has taken control of the human serendipity: Unexpectedly, Optimus Prime and his remaining gang turn to a mechanic and his daughter for help",		"Michael Bay","12A","Nicola Peltz"),
(131,	"X-Men",				"Two mutants come to a private academy for their kind whose resident superhero team must oppose a terrorist organization with similar powers",									"Bryan Singer","12A","Patrick Stewart"),
(132,	"X-Men 2",				"The X-Men band together to find a mutant assassin who has made an attempt on the President's life, while the Mutant Academy is attacked by military forces",							"Bryan Singer","12A","Hugh Jackman"),
(133,	"X-Men: The Last Stand",		"When a cure is found to treat mutations, lines are drawn amongst the X-Men, led by Professor Charles Xavier, and the Brotherhood, a band of powerful mutants organized under Xavier's former ally, Magneto",	"Brett Ratner","12A","Halle Berry"),
(134,	"X-Men Origins: Wolverine",		"A look at Wolverine's early life, in particular his time with the government squad Team X and the impact it will have on his later years",									"Gavin Hood","12A","Hugh Jackman"),
(135,	"X-Men: First Class",			"In 1962, the United States government enlists the help of Mutants with superhuman abilities to stop a malicious dictator who is determined to start World War III",						"Matthew Vaughn","12A","James McAvoy"),
(136,	"X-Men: Days of Future Past",		"The X-Men send Wolverine to the past in a desperate effort to change history and prevent an event that results in doom for both humans and mutants",								"Bryan Singer","12A","Patrick Stewart"),
(137,	"Iron Man",				"After being held captive in an Afghan cave, an industrialist creates a unique weaponized suit of armor to fight evil",												"Jon Favreau","12A","Robert Downey Jr"),
(138,	"Iron Man 2",				"With the world now aware of his identity as Iron Man, Tony Stark must contend with both his declining health and a vengeful mad man with ties to his father's legacy",						"Jon Favreau","12A","Robert Downey Jr"),
(139,	"Iron Man 3",				"When Tony Stark's world is torn apart by a formidable terrorist called the Mandarin, he starts an odyssey of rebuilding and retribution",									"Shane Black","12A","Robert Downey Jr"),
(140,	"Thor",					"The powerful but arrogant god Thor is cast out of Asgard to live amongst humans in Midgard (Earth), where he soon becomes one of their finest defenders",							"Kenneth Branagh","12A","Chris Hemsworth"),
(141,	"Thor: The Dark World",			"When Dr Jane Foster gets cursed with a powerful object, Thor must protect it before an army and its ruthless leader try to get their hands on it to take over the remains of Earth",				"Alan Taylor","12A","Chris Hemsworth"),
(142,	"The Incredible Hulk",			"Bruce Banner, a scientist on the run from the U.S. Government must find a cure for the monster he emerges whenever he loses his temper",									"Louis Leterrier","12A","Edward Norton"),
(143,	"Captain America: The First Avenger",	"Steve Rogers transforms into Captain America after taking a dose of a \"Super-Soldier serum\". Captain America comes at a price as he attempts to take down a war monger and a terrorist organization",	"Joe Johnston","12A","Chris Evans"),
(144,	"Captain America: The Winter Soldier",	"As Steve Rogers struggles to embrace his role in the modern world, he teams up with another super soldier, the black widow, to battle a new threat from old history: an assassin known as the Winter Soldier",	"Anthony Russo and Joe Russo","12A","Chris Evans"),
(145,	"Avengers Assemble",			"Earth's mightiest heroes must come together and learn to fight as a team if they are to stop the mischievous Loki and his alien army from enslaving humanity",							"Joss Whedon","12A","Robert Downey Jr"),
(146,	"Bambi",				"The story of a young deer growing up in the forest after his mother is shot by hunters",															"James Algar","U","Hardie Albright"),
(147,	"Dumbo",				"Ridiculed because of his enormous ears, a young circus elephant is assisted by a mouse to achieve his full potential",												"Samuel Armstrong","U","Sterling Holloway"),
(148,	"Pinocchio",				"A living puppet, with the help of a cricket as his conscience, must prove himself worthy to become a real boy",												"Norman Ferguson","U","Dickie Jones"),
(149,	"Lady and the Tramp ",			"The romantic tale of a sheltered uptown Cocker Spaniel dog and a streetwise downtown Mutt",															"Clyde Geronimi","U","Barbara Luddy"),
(150,	"Peter Pan",				"Wendy and her brothers are whisked away to the magical world of Neverland with the hero of their stories, Peter Pan",												"Clyde Geronimi","U","Bobby Driscoll"),
(151,	"101 Dalmatians",			"When a litter of dalmatian puppies are abducted by the minions of Cruella De Vil, the parents must find them before she uses them for a diabolical fashion statement",						"Clyde Geronimi","U","Rod Taylor"),
(152,	"Snow White and the Seven Dwarfs",	"Snow White, pursued by a jealous queen, hides with the Dwarfs; the queen feeds her a poison apple, but the handsome prince awakens her with a kiss",								"William Cottrell","U","Adriana Caselotti"),
(153,	"Sleeping Beauty",			"After being snubbed by the royal family, a malevolent fairy places a curse on a princess which only a prince can break, along with the help of three good fairies",						"Clyde Geronimi","U","Mary Costa"),
(154,	"Alice in Wonderland",			"Alice stumbles into the world of Wonderland. Will she get home? Not if the Queen of Hearts has her way",													"Clyde Geronimi","U","Kathryn Beaumont"),
(155,	"The Jungle Book",			"Bagheera the Panther and Baloo the Bear have a difficult time trying to convince a boy to leave the jungle for human civilization",										"Wolfgang Reitherman","U","Phil Harris"),
(156,	"Cinderella",				"When Cinderella's cruel stepmother prevents her from attending the Royal Ball, she gets some unexpected help from the lovable mice Gus and Jaq, and from her Fairy Godmother",					"Clyde Geronimi","U","Ilene Woods"),
(157,	"The AristoCats",			"With the help of a smooth talking tomcat, a family of Parisian felines set to inherit a fortune from their owner try to make it back home after a jealous butler kidnaps them and leaves them in the country",	"Wolfgang Reitherman","U","Phil Harris"),
(158,	"Robin Hood",				"The story of the legendary outlaw is portrayed with the characters as humanoid animals",															"Wolfgang Reitherman","U","Brian Bedford"),
(159,	"The Sword in the Stone",		"The wizard Merlin teaches a young boy who is destined to be King Arthur",																	"Wolfgang Reitherman","U","Rickie Sorensen"),
(160,	"The Hunchback of Notre Dame",		"A deformed bell-ringer must assert his independence from a vicious government minister in order to help his friend, a gypsy dancer",										"Gary Trousdale","U","Demi Moore"),
(161,	"Kung Fu Panda",			"In the Valley of Peace, Po the Panda finds himself chosen as the Dragon Warrior despite the fact that he is obese and a complete novice at martial arts",							"Mark Osborne","PG","Jack Black"),
(162,	"Kung Fu Panda 2",			"Po and his friends fight to stop a peacock villain from conquering China with a deadly new weapon, but first the Dragon Warrior must come to terms with his past",						"Jennifer Yuh","PG","Angelina Jolie"),
(163,	"Shrek",				"After his swamp is filled with magical creatures, an ogre agrees to rescue a princess for a villainous lord in order to get his land back",									"Andrew Adamson","U","Mike Myers"),
(164,	"Shrek 2",				"Princess Fiona's parents invite her and Shrek to dinner to celebrate her marriage. If only they knew the newlyweds were both ogres",										"Andrew Adamson","U","Eddie Murphy"),
(165,	"Shrek the Third",			"When his new father-in-law falls ill, Shrek is looked at as the heir to the land of Far, Far Away. Shrek recruits his friends Donkey and Puss in Boots to install the rebellious Artie as the new king.",	"Chris Miller","U","Cameron Diaz"),
(166,	"Ice Age",				"Set during the Ice Age, a sabertooth tiger, a sloth, and a wooly mammoth find a lost human infant, and they try to return him to his tribe",									"Chris Wedge","U","Denis Leary"),
(167,	"Ice Age 2: The Metldown",		"Manny, Sid, and Diego discover that the Ice Age is coming to an end, and join everybody for a journey to higher ground. On the trip, they discover that Manny, in fact, is not the last of the wooly mammoths","Carlos Saldanha ","U","Ray Romano"),
(168,	"Ice Age 3: Dawn of the Dinosaurs ",	"When Sid's attempt to adopt three dinosaur eggs gets him abducted by their real mother to an underground lost world, his friends attempt to rescue him",							"Carlos Saldanha","U","John Leguizamo"),
(169,	"Ice Age 4: Continental Drift",		"Manny, Diego, and Sid embark upon another adventure after their continent is set adrift. Using an iceberg as a ship, they encounter sea creatures and battle pirates as they explore a new world",		"Steve Martino","U","Queen Latifah"),
(170,	"Ratatouille",				"A rat who can cook makes an unusual alliance with a young kitchen worker at a famous restaurant",														"Brad Birt","U","Brad Garrett"),
(171,	"Rocky",				"Rocky Balboa, a small-time boxer gets a supremely rare chance to fight the heavy-weight champion, Apollo Creed, in a bout in which he strives to go the distance for his self-respect",			"John G. Avildsen","A","Sylvester Stallone"),
(172,	"Rocky II",				"Rocky struggles in family life after his bout with Apollo Creed, while the embarrassed champ insistently goads him to accept a challenge for a rematch",							"Sylvester Stallone","PG","Sylvester Stallone"),
(173,	"Rocky III",				"Rocky is defeated by a brutal challenger, and now must regain his fighting spirit through a big rematch, trained by an unlikely ally: his old nemesis Apollo Creed",						"Sylvester Stallone","PG","Sylvester Stallone"),
(174,	"Rocky IV",				"After iron man Drago, a highly intimidating 6-foot-5, 261-pound Soviet athlete, kills Apollo Creed in an exhibition match, Rocky comes to the heart of Russia for 15 pile-driving boxing rounds of revenge",	"Sylvester Stallone","PG","Sylvester Stallone"),
(175,	"Rocky V",				"Reluctantly retired from boxing and back from riches to rags, Rocky takes on a new protege who betrays him; As the champ's son must adjust to his family's new life after bankruptcy",				"John G. Avildsen","PG","Sylvester Stallone"),
(176,	"Rocky Balboa",				"Thirty years after the ring of the first bell, Rocky Balboa comes out of retirement and dons his gloves for his final fight; against the reigning heavyweight champ Mason 'The Line' Dixon",			"Sylvester Stallone","12A","Sylvester Stallone"),
(177,	"First Blood",				"A Vietnam Veteran uses his combat skills against the lawman of a small town when they arrest and abuse him",													"Ted Kotcheff","12A","Sylvester Stallone"),
(178,	"Rambo: First Blood Part II ",		"John Rambo is released from prison by the government for a top-secret covert mission to the last place on Earth he'd want to return - the jungles of Vietnam",							"George P. Cosmatos","15","Sylvester Stallone"),
(179,	"Rambo III",				"Rambo's Vietnam commanding officer Colonel Trautman is held hostage in Afghanistan, and it's up to Rambo to rescue him",											"Peter MacDonald","15","Sylvester Stallone"),
(180,	"Rambo",				"In Thailand, John Rambo joins a group of mercenaries to venture into war-torn Burma, and rescue a group of Christian aid workers who were kidnapped by the ruthless local infantry unit",			"Sylvester Stallone","18","Sylvester Stallone"),
(181,	"The Terminator",			"A human-looking cyborg is sent from 2029 to 1984 to assassinate a waitress, whose unborn son will lead humanity in a war against the machines, a soldier from that war is sent to protect her",		"James Cameron","15","Arnold Schwarzenegger"),
(182,	"Terminator 2: Judgment Day",		"A cyborg, identical to the one who failed to kill Sarah Connor, must now protect her young son, John Connor, from a more advanced cyborg, made out of liquid metal",						"James Cameron","15","Arnold Schwarzenegger"),
(183,	"Terminator 3: Rise of the Machines",	"A cybernetic warrior travels back in time to protect a 19-year old drifter and his future wife from a most advanced robotic assassin and to ensure they both survive a nuclear attack",			"Jonathan Mostow","12A","Arnold Schwarzenegger"),
(184,	"Terminator Salvation",			"A mysterious new weapon in the war against the machines, half-human and half-machine, comes to John Connor on the eve of a resistance attack on Skynet. But whose side is he on, and can he be trusted?",	"McG","12A","Christian Bale"),
(185,	"Raiders of the Lost Ark",		"Archaeologist and adventurer Indiana Jones is hired by the US government to find the Ark of the Covenant before the Nazis",											"Steven Spielberg","12","Harrison Ford"),
(186,	"Indiana Jones and the Temple of Doom",	"After arriving in India, Indiana Jones is asked by a desperate village to find a mystical stone. He agrees, and stumbles upon a secret cult plotting a terrible plan in the catacombs of an ancient palace",	"Steven Spielberg","12","Harrison Ford"),
(187,	"Indiana Jones and the Last Crusade",			"When Dr. Henry Jones Sr. suddenly goes missing while pursuing the Holy Grail, eminent archaeologist Indiana Jones must follow in his father's footsteps and stop the Nazis",			"Steven Spielberg","PG","Harrison Ford"),
(188,	"Indiana Jones and the Kingdom of the Crystal Skull",	"Dr. Henry \"Indiana\" Jones is called back into action when he becomes entangled in a Soviet plot to uncover the secret behind mysterious artifacts known as the Crystal Skulls",		"Steven Spielberg","12A","Harrison Ford"),
(189,	"Die Hard",						"John McClane, officer of the NYPD, tries to save wife Holly and several others, taken hostage by German terrorist Hans Gruber during a Christmas party at the Nakatomi Plaza in Los Angeles",	"John McTiernan","15","Bruce Willis"),
(190,	"Die Hard 2",				"John McClane attempts to avert disaster as rogue military officials seize control of Dulles International Airport in Washington, D.C",										"Renny Harlin","15","Bruce Willis"),
(191,	"Die Hard: With a Vengeance",		"John McClane and a Harlem store owner are targeted by German terrorist Simon Gruber in New York City, where he plans to rob the Federal Reserve Building",							"John McTiernan","15","Bruce Willis"),
(192,	"Die Hard 4.0",				"John McClane and a young hacker join forces to take down master cyber-terrorist Thomas Gabriel in Washington D.C",												"Len Wiseman","15","Bruce Willis"),
(193,	"A Good Day to Die Hard",		"John McClane travels to Russia to help out his wayward son, Jack, only to discover that Jack is a CIA operative working undercover, causing the father and son to team up against underworld forces",		"John Moore","15","Bruce Willis"),
(194,	"Red",					"When his peaceful life is threatened by a high-tech assassin, former black-ops agent Frank Moses reassembles his old team in a last ditch effort to survive and uncover his assailants",			"Robert Schwentke","12A","Bruce Willis"),
(195,	"Red 2",				"Retired C.I.A. agent Frank Moses reunites his unlikely team of elite operatives for a global quest to track down a missing portable nuclear device",								"John McTiernan","R","Bruce Willis"),
(196,	"The Queen",				"After the death of Princess Diana, HM Queen Elizabeth II struggles with her reaction to a sequence of events nobody could have predicted",									"Stephen Frears","12A","Helen Miren"),
(197,	"The Iron Lady",			"An elderly Margaret Thatcher talks to the imagined presence of her recently deceased husband as she struggles to come to terms with his death while scenes from her past life, intervene",			"Phyllida Lloyd","U","Meryl Streep"),
(198,	"Jurassic World",			"After 10 years of operation and visitor rates declining, in order to fulfill a corporate mandate, a new attraction is created to re-spark visitors' interest, which backfires horribly",			"Colin Trevorrow","12A"," Chris Pratt"),
(199,	"San Andreas",				"In the aftermath of a massive earthquake in California, a rescue-chopper pilot makes a dangerous journey across the state in order to rescue his daughter",							"Brad Peyton","12A","Dwayne Johnson"),
(200,	"Mad Max: Fury Road",			"In a desert landscape where humanity is broken, two rebels might be able to restore order: Max, a man of action and Furiosa, a woman of action who is looking to make it back to her childhood homeland",	"George Miller","15","Tom Hardy");


INSERT INTO frs_ShopFilm(filmid, shopid) values

(1,1),(2,1),(3,1),(4,1),(5,1),(6,1),(7,1),(8,1),(9,1),(10,1),(11,1),(12,1),(13,1),(14,1),(15,1),(16,1),(17,1),(18,1),(19,1),(20,1),(21,1),(22,1),(23,1),(24,1),(25,1),(26,1),(27,1),(28,1),(29,1),(30,1),(31,1),(32,1),(33,1),(34,1),(35,1),(36,1),(37,1),(38,1),(39,1),(40,1),(41,1),(42,1),(43,1),(44,1),(45,1),(46,1),(47,1),(48,1),(49,1),(50,1),(51,1),(52,1),(53,1),(54,1),(55,1),(56,1),(57,1),(58,1),(59,1),(60,1),(61,1),(62,1),(63,1),(64,1),(65,1),(66,1),(67,1),(68,1),(69,1),(70,1),(71,1),(72,1),(73,1),(74,1),(75,1),(76,1),(77,1),(78,1),(79,1),(80,1),(81,1),(82,1),(83,1),(84,1),(85,1),(86,1),(87,1),(88,1),(89,1),(90,1),(91,1),(92,1),(93,1),(94,1),(95,1),(96,1),(97,1),(98,1),(99,1),(100,1),(101,1),(102,1),(103,1),(104,1),(105,1),(106,1),(107,1),(108,1),(109,1),(110,1),(111,1),(112,1),(113,1),(114,1),(115,1),(116,1),(117,1),(118,1),(119,1),(120,1),(121,1),(122,1),(123,1),(124,1),(125,1),(126,1),(127,1),(128,1),(129,1),(130,1),(131,1),(132,1),(133,1),(134,1),(135,1),(136,1),(137,1),(138,1),(139,1),(140,1),(141,1),(142,1),(143,1),(144,1),(145,1),(146,1),(147,1),(148,1),(149,1),(150,1),(151,1),(152,1),(153,1),(154,1),(155,1),(156,1),(157,1),(158,1),(159,1),(160,1),(161,1),(162,1),(163,1),(164,1),(165,1),(166,1),(167,1),(168,1),(169,1),(170,1),(171,1),(172,1),(173,1),(174,1),(175,1),(176,1),(177,1),(178,1),(179,1),(180,1),(181,1),(182,1),(183,1),(184,1),(185,1),(186,1),(187,1),(188,1),(189,1),(190,1),(191,1),(192,1),(193,1),(194,1),(195,1),(196,1),(197,1),(198,1),(199,1),(200,1),(1,2),(2,2),(3,2),(4,2),(5,2),(6,2),(7,2),(8,2),(9,2),(10,2),(11,2),(12,2),(13,2),(14,2),(15,2),(16,2),(17,2),(18,2),(19,2),(20,2),(21,2),(22,2),(23,2),(24,2),(25,2),(26,2),(27,2),(28,2),(29,2),(30,2),(31,2),(32,2),(33,2),(34,2),(35,2),(36,2),(37,2),(38,2),(39,2),(40,2),(41,2),(42,2),(43,2),(44,2),(45,2),(46,2),(47,2),(48,2),(49,2),(50,2),(51,2),(52,2),(53,2),(54,2),(55,2),(56,2),(57,2),(58,2),(59,2),(60,2),(61,2),(62,2),(63,2),(64,2),(65,2),(66,2),(67,2),(68,2),(69,2),(70,2),(71,2),(72,2),(73,2),(74,2),(75,2),(76,2),(77,2),(78,2),(79,2),(80,2),(81,2),(82,2),(83,2),(84,2),(85,2),(86,2),(87,2),(88,2),(89,2),(90,2),(91,2),(92,2),(93,2),(94,2),(95,2),(96,2),(97,2),(98,2),(99,2),(100,2),(101,2),(102,2),(103,2),(104,2),(105,2),(106,2),(107,2),(108,2),(109,2),(110,2),(111,2),(112,2),(113,2),(114,2),(115,2),(116,2),(117,2),(118,2),(119,2),(120,2),(121,2),(122,2),(123,2),(124,2),(125,2),(126,2),(127,2),(128,2),(129,2),(130,2),(131,2),(132,2),(133,2),(134,2),(135,2),(136,2),(137,2),(138,2),(139,2),(140,2),(141,2),(142,2),(143,2),(144,2),(145,2),(146,2),(147,2),(148,2),(149,2),(150,2),(151,2),(152,2),(153,2),(154,2),(155,2),(156,2),(157,2),(158,2),(159,2),(160,2),(161,2),(162,2),(163,2),(164,2),(165,2),(166,2),(167,2),(168,2),(169,2),(170,2),(171,2),(172,2),(173,2),(174,2),(175,2),(176,2),(177,2),(178,2),(179,2),(180,2),(181,2),(182,2),(183,2),(184,2),(185,2),(186,2),(187,2),(188,2),(189,2),(190,2),(191,2),(192,2),(193,2),(194,2),(195,2),(196,2),(197,2),(198,2),(199,2),(200,2),(1,3),(2,3),(3,3),(4,3),(5,3),(6,3),(7,3),(8,3),(9,3),(10,3),(11,3),(12,3),(13,3),(14,3),(15,3),(16,3),(17,3),(18,3),(19,3),(20,3),(21,3),(22,3),(23,3),(24,3),(25,3),(26,3),(27,3),(28,3),(29,3),(30,3),(31,3),(32,3),(33,3),(34,3),(35,3),(36,3),(37,3),(38,3),(39,3),(40,3),(41,3),(42,3),(43,3),(44,3),(45,3),(46,3),(47,3),(48,3),(49,3),(50,3),(51,3),(52,3),(53,3),(54,3),(55,3),(56,3),(57,3),(58,3),(59,3),(60,3),(61,3),(62,3),(63,3),(64,3),(65,3),(66,3),(67,3),(68,3),(69,3),(70,3),(71,3),(72,3),(73,3),(74,3),(75,3),(76,3),(77,3),(78,3),(79,3),(80,3),(81,3),(82,3),(83,3),(84,3),(85,3),(86,3),(87,3),(88,3),(89,3),(90,3),(91,3),(92,3),(93,3),(94,3),(95,3),(96,3),(97,3),(98,3),(99,3),(100,3),(101,3),(102,3),(103,3),(104,3),(105,3),(106,3),(107,3),(108,3),(109,3),(110,3),(111,3),(112,3),(113,3),(114,3),(115,3),(116,3),(117,3),(118,3),(119,3),(120,3),(121,3),(122,3),(123,3),(124,3),(125,3),(126,3),(127,3),(128,3),(129,3),(130,3),(131,3),(132,3),(133,3),(134,3),(135,3),(136,3),(137,3),(138,3),(139,3),(140,3),(141,3),(142,3),(143,3),(144,3),(145,3),(146,3),(147,3),(148,3),(149,3),(150,3),(151,3),(152,3),(153,3),(154,3),(155,3),(156,3),(157,3),(158,3),(159,3),(160,3),(161,3),(162,3),(163,3),(164,3),(165,3),(166,3),(167,3),(168,3),(169,3),(170,3),(171,3),(172,3),(173,3),(174,3),(175,3),(176,3),(177,3),(178,3),(179,3),(180,3),(181,3),(182,3),(183,3),(184,3),(185,3),(186,3),(187,3),(188,3),(189,3),(190,3),(191,3),(192,3),(193,3),(194,3),(195,3),(196,3),(197,3),(198,3),(199,3),(200,3),(1,4),(2,4),(3,4),(4,4),(5,4),(6,4),(7,4),(8,4),(9,4),(10,4),(11,4),(12,4),(13,4),(14,4),(15,4),(16,4),(17,4),(18,4),(19,4),(20,4),(21,4),(22,4),(23,4),(24,4),(25,4),(26,4),(27,4),(28,4),(29,4),(30,4),(31,4),(32,4),(33,4),(34,4),(35,4),(36,4),(37,4),(38,4),(39,4),(40,4),(41,4),(42,4),(43,4),(44,4),(45,4),(46,4),(47,4),(48,4),(49,4),(50,4),(51,4),(52,4),(53,4),(54,4),(55,4),(56,4),(57,4),(58,4),(59,4),(60,4),(61,4),(62,4),(63,4),(64,4),(65,4),(66,4),(67,4),(68,4),(69,4),(70,4),(71,4),(72,4),(73,4),(74,4),(75,4),(76,4),(77,4),(78,4),(79,4),(80,4),(81,4),(82,4),(83,4),(84,4),(85,4),(86,4),(87,4),(88,4),(89,4),(90,4),(91,4),(92,4),(93,4),(94,4),(95,4),(96,4),(97,4),(98,4),(99,4),(100,4),(101,4),(102,4),(103,4),(104,4),(105,4),(106,4),(107,4),(108,4),(109,4),(110,4),(111,4),(112,4),(113,4),(114,4),(115,4),(116,4),(117,4),(118,4),(119,4),(120,4),(121,4),(122,4),(123,4),(124,4),(125,4),(126,4),(127,4),(128,4),(129,4),(130,4),(131,4),(132,4),(133,4),(134,4),(135,4),(136,4),(137,4),(138,4),(139,4),(140,4),(141,4),(142,4),(143,4),(144,4),(145,4),(146,4),(147,4),(148,4),(149,4),(150,4),(151,4),(152,4),(153,4),(154,4),(155,4),(156,4),(157,4),(158,4),(159,4),(160,4),(161,4),(162,4),(163,4),(164,4),(165,4),(166,4),(167,4),(168,4),(169,4),(170,4),(171,4),(172,4),(173,4),(174,4),(175,4),(176,4),(177,4),(178,4),(179,4),(180,4),(181,4),(182,4),(183,4),(184,4),(185,4),(186,4),(187,4),(188,4),(189,4),(190,4),(191,4),(192,4),(193,4),(194,4),(195,4),(196,4),(197,4),(198,4),(199,4),(200,4),(1,5),(2,5),(3,5),(4,5),(5,5),(6,5),(7,5),(8,5),(9,5),(10,5),(11,5),(12,5),(13,5),(14,5),(15,5),(16,5),(17,5),(18,5),(19,5),(20,5),(21,5),(22,5),(23,5),(24,5),(25,5),(26,5),(27,5),(28,5),(29,5),(30,5),(31,5),(32,5),(33,5),(34,5),(35,5),(36,5),(37,5),(38,5),(39,5),(40,5),(41,5),(42,5),(43,5),(44,5),(45,5),(46,5),(47,5),(48,5),(49,5),(50,5),(51,5),(52,5),(53,5),(54,5),(55,5),(56,5),(57,5),(58,5),(59,5),(60,5),(61,5),(62,5),(63,5),(64,5),(65,5),(66,5),(67,5),(68,5),(69,5),(70,5),(71,5),(72,5),(73,5),(74,5),(75,5),(76,5),(77,5),(78,5),(79,5),(80,5),(81,5),(82,5),(83,5),(84,5),(85,5),(86,5),(87,5),(88,5),(89,5),(90,5),(91,5),(92,5),(93,5),(94,5),(95,5),(96,5),(97,5),(98,5),(99,5),(100,5),(101,5),(102,5),(103,5),(104,5),(105,5),(106,5),(107,5),(108,5),(109,5),(110,5),(111,5),(112,5),(113,5),(114,5),(115,5),(116,5),(117,5),(118,5),(119,5),(120,5),(121,5),(122,5),(123,5),(124,5),(125,5),(126,5),(127,5),(128,5),(129,5),(130,5),(131,5),(132,5),(133,5),(134,5),(135,5),(136,5),(137,5),(138,5),(139,5),(140,5),(141,5),(142,5),(143,5),(144,5),(145,5),(146,5),(147,5),(148,5),(149,5),(150,5),(151,5),(152,5),(153,5),(154,5),(155,5),(156,5),(157,5),(158,5),(159,5),(160,5),(161,5),(162,5),(163,5),(164,5),(165,5),(166,5),(167,5),(168,5),(169,5),(170,5),(171,5),(172,5),(173,5),(174,5),(175,5),(176,5),(177,5),(178,5),(179,5),(180,5),(181,5),(182,5),(183,5),(184,5),(185,5),(186,5),(187,5),(188,5),(189,5),(190,5),(191,5),(192,5),(193,5),(194,5),(195,5),(196,5),(197,5),(198,5),(199,5),(200,5),(1,6),(2,6),(3,6),(4,6),(5,6),(6,6),(7,6),(8,6),(9,6),(10,6),(11,6),(12,6),(13,6),(14,6),(15,6),(16,6),(17,6),(18,6),(19,6),(20,6),(21,6),(22,6),(23,6),(24,6),(25,6),(26,6),(27,6),(28,6),(29,6),(30,6),(31,6),(32,6),(33,6),(34,6),(35,6),(36,6),(37,6),(38,6),(39,6),(40,6),(41,6),(42,6),(43,6),(44,6),(45,6),(46,6),(47,6),(48,6),(49,6),(50,6),(51,6),(52,6),(53,6),(54,6),(55,6),(56,6),(57,6),(58,6),(59,6),(60,6),(61,6),(62,6),(63,6),(64,6),(65,6),(66,6),(67,6),(68,6),(69,6),(70,6),(71,6),(72,6),(73,6),(74,6),(75,6),(76,6),(77,6),(78,6),(79,6),(80,6),(81,6),(82,6),(83,6),(84,6),(85,6),(86,6),(87,6),(88,6),(89,6),(90,6),(91,6),(92,6),(93,6),(94,6),(95,6),(96,6),(97,6),(98,6),(99,6),(100,6),(101,6),(102,6),(103,6),(104,6),(105,6),(106,6),(107,6),(108,6),(109,6),(110,6),(111,6),(112,6),(113,6),(114,6),(115,6),(116,6),(117,6),(118,6),(119,6),(120,6),(121,6),(122,6),(123,6),(124,6),(125,6),(126,6),(127,6),(128,6),(129,6),(130,6),(131,6),(132,6),(133,6),(134,6),(135,6),(136,6),(137,6),(138,6),(139,6),(140,6),(141,6),(142,6),(143,6),(144,6),(145,6),(146,6),(147,6),(148,6),(149,6),(150,6),(151,6),(152,6),(153,6),(154,6),(155,6),(156,6),(157,6),(158,6),(159,6),(160,6),(161,6),(162,6),(163,6),(164,6),(165,6),(166,6),(167,6),(168,6),(169,6),(170,6),(171,6),(172,6),(173,6),(174,6),(175,6),(176,6),(177,6),(178,6),(179,6),(180,6),(181,6),(182,6),(183,6),(184,6),(185,6),(186,6),(187,6),(188,6),(189,6),(190,6),(191,6),(192,6),(193,6),(194,6),(195,6),(196,6),(197,6),(198,6),(199,6),(200,6),(1,7),(2,7),(3,7),(4,7),(5,7),(6,7),(7,7),(8,7),(9,7),(10,7),(11,7),(12,7),(13,7),(14,7),(15,7),(16,7),(17,7),(18,7),(19,7),(20,7),(21,7),(22,7),(23,7),(24,7),(25,7),(26,7),(27,7),(28,7),(29,7),(30,7),(31,7),(32,7),(33,7),(34,7),(35,7),(36,7),(37,7),(38,7),(39,7),(40,7),(41,7),(42,7),(43,7),(44,7),(45,7),(46,7),(47,7),(48,7),(49,7),(50,7),(51,7),(52,7),(53,7),(54,7),(55,7),(56,7),(57,7),(58,7),(59,7),(60,7),(61,7),(62,7),(63,7),(64,7),(65,7),(66,7),(67,7),(68,7),(69,7),(70,7),(71,7),(72,7),(73,7),(74,7),(75,7),(76,7),(77,7),(78,7),(79,7),(80,7),(81,7),(82,7),(83,7),(84,7),(85,7),(86,7),(87,7),(88,7),(89,7),(90,7),(91,7),(92,7),(93,7),(94,7),(95,7),(96,7),(97,7),(98,7),(99,7),(100,7),(101,7),(102,7),(103,7),(104,7),(105,7),(106,7),(107,7),(108,7),(109,7),(110,7),(111,7),(112,7),(113,7),(114,7),(115,7),(116,7),(117,7),(118,7),(119,7),(120,7),(121,7),(122,7),(123,7),(124,7),(125,7),(126,7),(127,7),(128,7),(129,7),(130,7),(131,7),(132,7),(133,7),(134,7),(135,7),(136,7),(137,7),(138,7),(139,7),(140,7),(141,7),(142,7),(143,7),(144,7),(145,7),(146,7),(147,7),(148,7),(149,7),(150,7),(151,7),(152,7),(153,7),(154,7),(155,7),(156,7),(157,7),(158,7),(159,7),(160,7),(161,7),(162,7),(163,7),(164,7),(165,7),(166,7),(167,7),(168,7),(169,7),(170,7),(171,7),(172,7),(173,7),(174,7),(175,7),(176,7),(177,7),(178,7),(179,7),(180,7),(181,7),(182,7),(183,7),(184,7),(185,7),(186,7),(187,7),(188,7),(189,7),(190,7),(191,7),(192,7),(193,7),(194,7),(195,7),(196,7),(197,7),(198,7),(199,7),(200,7),(1,8),(2,8),(3,8),(4,8),(5,8),(6,8),(7,8),(8,8),(9,8),(10,8),(11,8),(12,8),(13,8),(14,8),(15,8),(16,8),(17,8),(18,8),(19,8),(20,8),(21,8),(22,8),(23,8),(24,8),(25,8),(26,8),(27,8),(28,8),(29,8),(30,8),(31,8),(32,8),(33,8),(34,8),(35,8),(36,8),(37,8),(38,8),(39,8),(40,8),(41,8),(42,8),(43,8),(44,8),(45,8),(46,8),(47,8),(48,8),(49,8),(50,8),(51,8),(52,8),(53,8),(54,8),(55,8),(56,8),(57,8),(58,8),(59,8),(60,8),(61,8),(62,8),(63,8),(64,8),(65,8),(66,8),(67,8),(68,8),(69,8),(70,8),(71,8),(72,8),(73,8),(74,8),(75,8),(76,8),(77,8),(78,8),(79,8),(80,8),(81,8),(82,8),(83,8),(84,8),(85,8),(86,8),(87,8),(88,8),(89,8),(90,8),(91,8),(92,8),(93,8),(94,8),(95,8),(96,8),(97,8),(98,8),(99,8),(100,8),(101,8),(102,8),(103,8),(104,8),(105,8),(106,8),(107,8),(108,8),(109,8),(110,8),(111,8),(112,8),(113,8),(114,8),(115,8),(116,8),(117,8),(118,8),(119,8),(120,8),(121,8),(122,8),(123,8),(124,8),(125,8),(126,8),(127,8),(128,8),(129,8),(130,8),(131,8),(132,8),(133,8),(134,8),(135,8),(136,8),(137,8),(138,8),(139,8),(140,8),(141,8),(142,8),(143,8),(144,8),(145,8),(146,8),(147,8),(148,8),(149,8),(150,8),(151,8),(152,8),(153,8),(154,8),(155,8),(156,8),(157,8),(158,8),(159,8),(160,8),(161,8),(162,8),(163,8),(164,8),(165,8),(166,8),(167,8),(168,8),(169,8),(170,8),(171,8),(172,8),(173,8),(174,8),(175,8),(176,8),(177,8),(178,8),(179,8),(180,8),(181,8),(182,8),(183,8),(184,8),(185,8),(186,8),(187,8),(188,8),(189,8),(190,8),(191,8),(192,8),(193,8),(194,8),(195,8),(196,8),(197,8),(198,8),(199,8),(200,8),(1,9),(2,9),(3,9),(4,9),(5,9),(6,9),(7,9),(8,9),(9,9),(10,9),(11,9),(12,9),(13,9),(14,9),(15,9),(16,9),(17,9),(18,9),(19,9),(20,9),(21,9),(22,9),(23,9),(24,9),(25,9),(26,9),(27,9),(28,9),(29,9),(30,9),(31,9),(32,9),(33,9),(34,9),(35,9),(36,9),(37,9),(38,9),(39,9),(40,9),(41,9),(42,9),(43,9),(44,9),(45,9),(46,9),(47,9),(48,9),(49,9),(50,9),(51,9),(52,9),(53,9),(54,9),(55,9),(56,9),(57,9),(58,9),(59,9),(60,9),(61,9),(62,9),(63,9),(64,9),(65,9),(66,9),(67,9),(68,9),(69,9),(70,9),(71,9),(72,9),(73,9),(74,9),(75,9),(76,9),(77,9),(78,9),(79,9),(80,9),(81,9),(82,9),(83,9),(84,9),(85,9),(86,9),(87,9),(88,9),(89,9),(90,9),(91,9),(92,9),(93,9),(94,9),(95,9),(96,9),(97,9),(98,9),(99,9),(100,9),(101,9),(102,9),(103,9),(104,9),(105,9),(106,9),(107,9),(108,9),(109,9),(110,9),(111,9),(112,9),(113,9),(114,9),(115,9),(116,9),(117,9),(118,9),(119,9),(120,9),(121,9),(122,9),(123,9),(124,9),(125,9),(126,9),(127,9),(128,9),(129,9),(130,9),(131,9),(132,9),(133,9),(134,9),(135,9),(136,9),(137,9),(138,9),(139,9),(140,9),(141,9),(142,9),(143,9),(144,9),(145,9),(146,9),(147,9),(148,9),(149,9),(150,9),(151,9),(152,9),(153,9),(154,9),(155,9),(156,9),(157,9),(158,9),(159,9),(160,9),(161,9),(162,9),(163,9),(164,9),(165,9),(166,9),(167,9),(168,9),(169,9),(170,9),(171,9),(172,9),(173,9),(174,9),(175,9),(176,9),(177,9),(178,9),(179,9),(180,9),(181,9),(182,9),(183,9),(184,9),(185,9),(186,9),(187,9),(188,9),(189,9),(190,9),(191,9),(192,9),(193,9),(194,9),(195,9),(196,9),(197,9),(198,9),(199,9),(200,9),(1,10),(2,10),(3,10),(4,10),(5,10),(6,10),(7,10),(8,10),(9,10),(10,10),(11,10),(12,10),(13,10),(14,10),(15,10),(16,10),(17,10),(18,10),(19,10),(20,10),(21,10),(22,10),(23,10),(24,10),(25,10),(26,10),(27,10),(28,10),(29,10),(30,10),(31,10),(32,10),(33,10),(34,10),(35,10),(36,10),(37,10),(38,10),(39,10),(40,10),(41,10),(42,10),(43,10),(44,10),(45,10),(46,10),(47,10),(48,10),(49,10),(50,10),(51,10),(52,10),(53,10),(54,10),(55,10),(56,10),(57,10),(58,10),(59,10),(60,10),(61,10),(62,10),(63,10),(64,10),(65,10),(66,10),(67,10),(68,10),(69,10),(70,10),(71,10),(72,10),(73,10),(74,10),(75,10),(76,10),(77,10),(78,10),(79,10),(80,10),(81,10),(82,10),(83,10),(84,10),(85,10),(86,10),(87,10),(88,10),(89,10),(90,10),(91,10),(92,10),(93,10),(94,10),(95,10),(96,10),(97,10),(98,10),(99,10),(100,10),(101,10),(102,10),(103,10),(104,10),(105,10),(106,10),(107,10),(108,10),(109,10),(110,10),(111,10),(112,10),(113,10),(114,10),(115,10),(116,10),(117,10),(118,10),(119,10),(120,10),(121,10),(122,10),(123,10),(124,10),(125,10),(126,10),(127,10),(128,10),(129,10),(130,10),(131,10),(132,10),(133,10),(134,10),(135,10),(136,10),(137,10),(138,10),(139,10),(140,10),(141,10),(142,10),(143,10),(144,10),(145,10),(146,10),(147,10),(148,10),(149,10),(150,10),(151,10),(152,10),(153,10),(154,10),(155,10),(156,10),(157,10),(158,10),(159,10),(160,10),(161,10),(162,10),(163,10),(164,10),(165,10),(166,10),(167,10),(168,10),(169,10),(170,10),(171,10),(172,10),(173,10),(174,10),(175,10),(176,10),(177,10),(178,10),(179,10),(180,10),(181,10),(182,10),(183,10),(184,10),(185,10),(186,10),(187,10),(188,10),(189,10),(190,10),(191,10),(192,10),(193,10),(194,10),(195,10),(196,10),(197,10),(198,10),(199,10),(200,10),(1,11),(2,11),(3,11),(4,11),(5,11),(6,11),(7,11),(8,11),(9,11),(10,11),(11,11),(12,11),(13,11),(14,11),(15,11),(16,11),(17,11),(18,11),(19,11),(20,11),(21,11),(22,11),(23,11),(24,11),(25,11),(26,11),(27,11),(28,11),(29,11),(30,11),(31,11),(32,11),(33,11),(34,11),(35,11),(36,11),(37,11),(38,11),(39,11),(40,11),(41,11),(42,11),(43,11),(44,11),(45,11),(46,11),(47,11),(48,11),(49,11),(50,11),(51,11),(52,11),(53,11),(54,11),(55,11),(56,11),(57,11),(58,11),(59,11),(60,11),(61,11),(62,11),(63,11),(64,11),(65,11),(66,11),(67,11),(68,11),(69,11),(70,11),(71,11),(72,11),(73,11),(74,11),(75,11),(76,11),(77,11),(78,11),(79,11),(80,11),(81,11),(82,11),(83,11),(84,11),(85,11),(86,11),(87,11),(88,11),(89,11),(90,11),(91,11),(92,11),(93,11),(94,11),(95,11),(96,11),(97,11),(98,11),(99,11),(100,11),(101,11),(102,11),(103,11),(104,11),(105,11),(106,11),(107,11),(108,11),(109,11),(110,11),(111,11),(112,11),(113,11),(114,11),(115,11),(116,11),(117,11),(118,11),(119,11),(120,11),(121,11),(122,11),(123,11),(124,11),(125,11),(126,11),(127,11),(128,11),(129,11),(130,11),(131,11),(132,11),(133,11),(134,11),(135,11),(136,11),(137,11),(138,11),(139,11),(140,11),(141,11),(142,11),(143,11),(144,11),(145,11),(146,11),(147,11),(148,11),(149,11),(150,11),(151,11),(152,11),(153,11),(154,11),(155,11),(156,11),(157,11),(158,11),(159,11),(160,11),(161,11),(162,11),(163,11),(164,11),(165,11),(166,11),(167,11),(168,11),(169,11),(170,11),(171,11),(172,11),(173,11),(174,11),(175,11),(176,11),(177,11),(178,11),(179,11),(180,11),(181,11),(182,11),(183,11),(184,11),(185,11),(186,11),(187,11),(188,11),(189,11),(190,11),(191,11),(192,11),(193,11),(194,11),(195,11),(196,11),(197,11),(198,11),(199,11),(200,11),(1,12),(2,12),(3,12),(4,12),(5,12),(6,12),(7,12),(8,12),(9,12),(10,12),(11,12),(12,12),(13,12),(14,12),(15,12),(16,12),(17,12),(18,12),(19,12),(20,12),(21,12),(22,12),(23,12),(24,12),(25,12),(26,12),(27,12),(28,12),(29,12),(30,12),(31,12),(32,12),(33,12),(34,12),(35,12),(36,12),(37,12),(38,12),(39,12),(40,12),(41,12),(42,12),(43,12),(44,12),(45,12),(46,12),(47,12),(48,12),(49,12),(50,12),(51,12),(52,12),(53,12),(54,12),(55,12),(56,12),(57,12),(58,12),(59,12),(60,12),(61,12),(62,12),(63,12),(64,12),(65,12),(66,12),(67,12),(68,12),(69,12),(70,12),(71,12),(72,12),(73,12),(74,12),(75,12),(76,12),(77,12),(78,12),(79,12),(80,12),(81,12),(82,12),(83,12),(84,12),(85,12),(86,12),(87,12),(88,12),(89,12),(90,12),(91,12),(92,12),(93,12),(94,12),(95,12),(96,12),(97,12),(98,12),(99,12),(100,12),(101,12),(102,12),(103,12),(104,12),(105,12),(106,12),(107,12),(108,12),(109,12),(110,12),(111,12),(112,12),(113,12),(114,12),(115,12),(116,12),(117,12),(118,12),(119,12),(120,12),(121,12),(122,12),(123,12),(124,12),(125,12),(126,12),(127,12),(128,12),(129,12),(130,12),(131,12),(132,12),(133,12),(134,12),(135,12),(136,12),(137,12),(138,12),(139,12),(140,12),(141,12),(142,12),(143,12),(144,12),(145,12),(146,12),(147,12),(148,12),(149,12),(150,12),(151,12),(152,12),(153,12),(154,12),(155,12),(156,12),(157,12),(158,12),(159,12),(160,12),(161,12),(162,12),(163,12),(164,12),(165,12),(166,12),(167,12),(168,12),(169,12),(170,12),(171,12),(172,12),(173,12),(174,12),(175,12),(176,12),(177,12),(178,12),(179,12),(180,12),(181,12),(182,12),(183,12),(184,12),(185,12),(186,12),(187,12),(188,12),(189,12),(190,12),(191,12),(192,12),(193,12),(194,12),(195,12),(196,12),(197,12),(198,12),(199,12),(200,12);

INSERT INTO frs_DVD(dvdid, filmid, shopid, dvdstate) values

(1,1,1,"Good"),(2,2,1,"Unclean"),(3,3,1,"Excellent"),(4,4,1,"Scratched"),(5,5,1,"Poor"),(6,6,1,"Damaged"),(7,7,1,"Excellent"),(8,8,1,"Very Good"),(9,9,1,"Excellent"),(10,10,1,"Damaged"),(11,11,1,"Scratched"),(12,12,1,"Excellent"),(13,13,1,"Excellent"),(14,14,1,"Excellent"),(15,15,1,"Scratched"),(16,16,1,"Very Good"),(17,17,1,"Excellent"),(18,18,1,"Unclean"),(19,19,1,"Excellent"),(20,20,1,"Excellent"),(21,21,1,"Good"),(22,22,1,"Good"),(23,23,1,"Unclean"),(24,24,1,"Unclean"),(25,25,1,"Damaged"),(26,26,1,"Unclean"),(27,27,1,"Poor"),(28,28,1,"Scratched"),(29,29,1,"Poor"),(30,30,1,"Excellent"),(31,31,1,"Damaged"),(32,32,1,"Damaged"),(33,33,1,"Very Good"),(34,34,1,"Excellent"),(35,35,1,"Very Good"),(36,36,1,"Good"),(37,37,1,"Scratched"),(38,38,1,"Scratched"),(39,39,1,"Excellent"),(40,40,1,"Poor"),(41,41,1,"Very Good"),(42,42,1,"Damaged"),(43,43,1,"Damaged"),(44,44,1,"Excellent"),(45,45,1,"Poor"),(46,46,1,"Excellent"),(47,47,1,"Poor"),(48,48,1,"Good"),(49,49,1,"Scratched"),(50,50,1,"Damaged"),(51,51,1,"Excellent"),(52,52,1,"Damaged"),(53,53,1,"Good"),(54,54,1,"Scratched"),(55,55,1,"Good"),(56,56,1,"Excellent"),(57,57,1,"Very Good"),(58,58,1,"Poor"),(59,59,1,"Damaged"),(60,60,1,"Good"),(61,61,1,"Good"),(62,62,1,"Poor"),(63,63,1,"Good"),(64,64,1,"Damaged"),(65,65,1,"Poor"),(66,66,1,"Very Good"),(67,67,1,"Very Good"),(68,68,1,"Excellent"),(69,69,1,"Scratched"),(70,70,1,"Scratched"),(71,71,1,"Very Good"),(72,72,1,"Excellent"),(73,73,1,"Excellent"),(74,74,1,"Poor"),(75,75,1,"Unclean"),(76,76,1,"Excellent"),(77,77,1,"Very Good"),(78,78,1,"Unclean"),(79,79,1,"Damaged"),(80,80,1,"Excellent"),(81,81,1,"Unclean"),(82,82,1,"Very Good"),(83,83,1,"Excellent"),(84,84,1,"Damaged"),(85,85,1,"Poor"),(86,86,1,"Very Good"),(87,87,1,"Poor"),(88,88,1,"Poor"),(89,89,1,"Scratched"),(90,90,1,"Damaged"),(91,91,1,"Unclean"),(92,92,1,"Good"),(93,93,1,"Excellent"),(94,94,1,"Unclean"),(95,95,1,"Scratched"),(96,96,1,"Very Good"),(97,97,1,"Unclean"),(98,98,1,"Scratched"),(99,99,1,"Scratched"),(100,100,1,"Unclean"), (101,101,1,"Excellent"),(102,102,1,"Good"),(103,103,1,"Poor"),(104,104,1,"Unclean"),(105,105,1,"Damaged"),(106,106,1,"Damaged"),(107,107,1,"Very Good"),(108,108,1,"Very Good"),(109,109,1,"Excellent"),(110,110,1,"Damaged"),(111,111,1,"Very Good"),(112,112,1,"Very Good"),(113,113,1,"Scratched"),(114,114,1,"Poor"),(115,115,1,"Damaged"),(116,116,1,"Damaged"),(117,117,1,"Excellent"),(118,118,1,"Unclean"),(119,119,1,"Excellent"),(120,120,1,"Good"),(121,121,1,"Good"),(122,122,1,"Unclean"),(123,123,1,"Scratched"),(124,124,1,"Good"),(125,125,1,"Poor"),(126,126,1,"Excellent"),(127,127,1,"Scratched"),(128,128,1,"Unclean"),(129,129,1,"Unclean"),(130,130,1,"Poor"),(131,131,1,"Scratched"),(132,132,1,"Poor"),(133,133,1,"Scratched"),(134,134,1,"Scratched"),(135,135,1,"Unclean"),(136,136,1,"Damaged"),(137,137,1,"Very Good"),(138,138,1,"Very Good"),(139,139,1,"Good"),(140,140,1,"Poor"),(141,141,1,"Very Good"),(142,142,1,"Scratched"),(143,143,1,"Very Good"),(144,144,1,"Damaged"),(145,145,1,"Damaged"),(146,146,1,"Scratched"),(147,147,1,"Poor"),(148,148,1,"Excellent"),(149,149,1,"Poor"),(150,150,1,"Damaged"),(151,151,1,"Excellent"),(152,152,1,"Poor"),(153,153,1,"Excellent"),(154,154,1,"Good"),(155,155,1,"Excellent"),(156,156,1,"Good"),(157,157,1,"Unclean"),(158,158,1,"Scratched"),(159,159,1,"Poor"),(160,160,1,"Good"),(161,161,1,"Very Good"),(162,162,1,"Good"),(163,163,1,"Good"),(164,164,1,"Poor"),(165,165,1,"Scratched"),(166,166,1,"Good"),(167,167,1,"Damaged"),(168,168,1,"Damaged"),(169,169,1,"Very Good"),(170,170,1,"Very Good"),(171,171,1,"Good"),(172,172,1,"Damaged"),(173,173,1,"Excellent"),(174,174,1,"Damaged"),(175,175,1,"Unclean"),(176,176,1,"Unclean"),(177,177,1,"Very Good"),(178,178,1,"Unclean"),(179,179,1,"Damaged"),(180,180,1,"Good"),(181,181,1,"Very Good"),(182,182,1,"Damaged"),(183,183,1,"Scratched"),(184,184,1,"Poor"),(185,185,1,"Poor"),(186,186,1,"Excellent"),(187,187,1,"Good"),(188,188,1,"Very Good"),(189,189,1,"Scratched"),(190,190,1,"Scratched"),(191,191,1,"Damaged"),(192,192,1,"Damaged"),(193,193,1,"Poor"),(194,194,1,"Good"),(195,195,1,"Excellent"),(196,196,1,"Good"),(197,197,1,"Poor"),(198,198,1,"Unclean"),(199,199,1,"Unclean"),(200,200,1,"Damaged"),(201,1,2,"Unclean"),(202,2,2,"Unclean"),(203,3,2,"Scratched"),(204,4,2,"Excellent"),(205,5,2,"Very Good"),(206,6,2,"Unclean"),(207,7,2,"Very Good"),(208,8,2,"Scratched"),(209,9,2,"Very Good"),(210,10,2,"Poor"),(211,11,2,"Damaged"),(212,12,2,"Very Good"),(213,13,2,"Excellent"),(214,14,2,"Unclean"),(215,15,2,"Damaged"),(216,16,2,"Poor"),(217,17,2,"Scratched"),(218,18,2,"Unclean"),(219,19,2,"Good"),(220,20,2,"Scratched"),(221,21,2,"Very Good"),(222,22,2,"Very Good"),(223,23,2,"Unclean"),(224,24,2,"Damaged"),(225,25,2,"Poor"),(226,26,2,"Very Good"),(227,27,2,"Very Good"),(228,28,2,"Very Good"),(229,29,2,"Poor"),(230,30,2,"Excellent"),(231,31,2,"Good"),(232,32,2,"Good"),(233,33,2,"Poor"),(234,34,2,"Scratched"),(235,35,2,"Unclean"),(236,36,2,"Good"),(237,37,2,"Damaged"),(238,38,2,"Damaged"),(239,39,2,"Good"),(240,40,2,"Poor"),(241,41,2,"Good"),(242,42,2,"Good"),(243,43,2,"Very Good"),(244,44,2,"Damaged"),(245,45,2,"Scratched"),(246,46,2,"Unclean"),(247,47,2,"Damaged"),(248,48,2,"Scratched"),(249,49,2,"Excellent"),(250,50,2,"Good"),(251,51,2,"Very Good"),(252,52,2,"Good"),(253,53,2,"Damaged"),(254,54,2,"Damaged"),(255,55,2,"Good"),(256,56,2,"Damaged"),(257,57,2,"Scratched"),(258,58,2,"Poor"),(259,59,2,"Excellent"),(260,60,2,"Scratched"),(261,61,2,"Excellent"),(262,62,2,"Very Good"),(263,63,2,"Excellent"),(264,64,2,"Very Good"),(265,65,2,"Poor"),(266,66,2,"Good"),(267,67,2,"Scratched"),(268,68,2,"Damaged"),(269,69,2,"Poor"),(270,70,2,"Good"),(271,71,2,"Unclean"),(272,72,2,"Good"),(273,73,2,"Good"),(274,74,2,"Good"),(275,75,2,"Unclean"),(276,76,2,"Good"),(277,77,2,"Poor"),(278,78,2,"Excellent"),(279,79,2,"Damaged"),(280,80,2,"Excellent"),(281,81,2,"Very Good"),(282,82,2,"Scratched"),(283,83,2,"Unclean"),(284,84,2,"Excellent"),(285,85,2,"Damaged"),(286,86,2,"Good"),(287,87,2,"Very Good"),(288,88,2,"Unclean"),(289,89,2,"Scratched"),(290,90,2,"Good"),(291,91,2,"Unclean"),(292,92,2,"Good"),(293,93,2,"Good"),(294,94,2,"Poor"),(295,95,2,"Scratched"),(296,96,2,"Good"),(297,97,2,"Very Good"),(298,98,2,"Good"),(299,99,2,"Poor"),(300,100,2,"Excellent"),(301,101,2,"Excellent"),(302,102,2,"Poor"),(303,103,2,"Poor"),(304,104,2,"Excellent"),(305,105,2,"Excellent"),(306,106,2,"Good"),(307,107,2,"Unclean"),(308,108,2,"Scratched"),(309,109,2,"Scratched"),(310,110,2,"Damaged"),(311,111,2,"Unclean"),(312,112,2,"Very Good"),(313,113,2,"Good"),(314,114,2,"Scratched"),(315,115,2,"Scratched"),(316,116,2,"Scratched"),(317,117,2,"Scratched"),(318,118,2,"Good"),(319,119,2,"Excellent"),(320,120,2,"Excellent"),(321,121,2,"Damaged"),(322,122,2,"Poor"),(323,123,2,"Excellent"),(324,124,2,"Scratched"),(325,125,2,"Good"),(326,126,2,"Unclean"),(327,127,2,"Good"),(328,128,2,"Excellent"),(329,129,2,"Poor"),(330,130,2,"Very Good"),(331,131,2,"Good"),(332,132,2,"Good"),(333,133,2,"Damaged"),(334,134,2,"Very Good"),(335,135,2,"Poor"),(336,136,2,"Very Good"),(337,137,2,"Poor"),(338,138,2,"Unclean"),(339,139,2,"Excellent"),(340,140,2,"Good"),(341,141,2,"Scratched"),(342,142,2,"Good"),(343,143,2,"Unclean"),(344,144,2,"Very Good"),(345,145,2,"Unclean"),(346,146,2,"Damaged"),(347,147,2,"Excellent"),(348,148,2,"Excellent"),(349,149,2,"Damaged"),(350,150,2,"Damaged"),(351,151,2,"Excellent"),(352,152,2,"Very Good"),(353,153,2,"Damaged"),(354,154,2,"Excellent"),(355,155,2,"Damaged"),(356,156,2,"Good"),(357,157,2,"Poor"),(358,158,2,"Unclean"),(359,159,2,"Good"),(360,160,2,"Damaged"),(361,161,2,"Excellent"),(362,162,2,"Poor"),(363,163,2,"Very Good"),(364,164,2,"Unclean"),(365,165,2,"Scratched"),(366,166,2,"Poor"),(367,167,2,"Excellent"),(368,168,2,"Excellent"),(369,169,2,"Excellent"),(370,170,2,"Good"),(371,171,2,"Poor"),(372,172,2,"Poor"),(373,173,2,"Unclean"),(374,174,2,"Unclean"),(375,175,2,"Excellent"),(376,176,2,"Very Good"),(377,177,2,"Very Good"),(378,178,2,"Poor"),(379,179,2,"Poor"),(380,180,2,"Good"),(381,181,2,"Unclean"),(382,182,2,"Scratched"),(383,183,2,"Damaged"),(384,184,2,"Excellent"),(385,185,2,"Scratched"),(386,186,2,"Excellent"),(387,187,2,"Unclean"),(388,188,2,"Poor"),(389,189,2,"Poor"),(390,190,2,"Very Good"),(391,191,2,"Good"),(392,192,2,"Damaged"),(393,193,2,"Unclean"),(394,194,2,"Scratched"),(395,195,2,"Good"),(396,196,2,"Unclean"),(397,197,2,"Scratched"),(398,198,2,"Excellent"),(399,199,2,"Poor"),(400,200,2,"Scratched"),(401,1,3,"Good"),(402,2,3,"Unclean"),(403,3,3,"Unclean"),(404,4,3,"Good"),(405,5,3,"Unclean"),(406,6,3,"Unclean"),(407,7,3,"Good"),(408,8,3,"Good"),(409,9,3,"Good"),(410,10,3,"Very Good"),(411,11,3,"Scratched"),(412,12,3,"Excellent"),(413,13,3,"Excellent"),(414,14,3,"Damaged"),(415,15,3,"Good"),(416,16,3,"Unclean"),(417,17,3,"Poor"),(418,18,3,"Good"),(419,19,3,"Scratched"),(420,20,3,"Excellent"),(421,21,3,"Scratched"),(422,22,3,"Damaged"),(423,23,3,"Scratched"),(424,24,3,"Excellent"),(425,25,3,"Unclean"),(426,26,3,"Damaged"),(427,27,3,"Excellent"),(428,28,3,"Unclean"),(429,29,3,"Good"),(430,30,3,"Unclean"),(431,31,3,"Good"),(432,32,3,"Scratched"),(433,33,3,"Scratched"),(434,34,3,"Excellent"),(435,35,3,"Damaged"),(436,36,3,"Very Good"),(437,37,3,"Damaged"),(438,38,3,"Good"),(439,39,3,"Good"),(440,40,3,"Unclean"),(441,41,3,"Good"),(442,42,3,"Damaged"),(443,43,3,"Unclean"),(444,44,3,"Good"),(445,45,3,"Poor"),(446,46,3,"Excellent"),(447,47,3,"Excellent"),(448,48,3,"Damaged"),(449,49,3,"Good"),(450,50,3,"Damaged"),(451,51,3,"Poor"),(452,52,3,"Unclean"),(453,53,3,"Poor"),(454,54,3,"Unclean"),(455,55,3,"Good"),(456,56,3,"Excellent"),(457,57,3,"Good"),(458,58,3,"Very Good"),(459,59,3,"Good"),(460,60,3,"Scratched"),(461,61,3,"Scratched"),(462,62,3,"Unclean"),(463,63,3,"Scratched"),(464,64,3,"Very Good"),(465,65,3,"Scratched"),(466,66,3,"Scratched"),(467,67,3,"Damaged"),(468,68,3,"Damaged"),(469,69,3,"Poor"),(470,70,3,"Unclean"),(471,71,3,"Very Good"),(472,72,3,"Unclean"),(473,73,3,"Excellent"),(474,74,3,"Scratched"),(475,75,3,"Good"),(476,76,3,"Good"),(477,77,3,"Very Good"),(478,78,3,"Poor"),(479,79,3,"Damaged"),(480,80,3,"Good"),(481,81,3,"Good"),(482,82,3,"Excellent"),(483,83,3,"Scratched"),(484,84,3,"Scratched"),(485,85,3,"Unclean"),(486,86,3,"Unclean"),(487,87,3,"Excellent"),(488,88,3,"Damaged"),(489,89,3,"Good"),(490,90,3,"Good"),(491,91,3,"Poor"),(492,92,3,"Scratched"),(493,93,3,"Poor"),(494,94,3,"Damaged"),(495,95,3,"Unclean"),(496,96,3,"Very Good"),(497,97,3,"Very Good"),(498,98,3,"Scratched"),(499,99,3,"Unclean"),(500,100,3,"Poor"),(501,101,3,"Excellent"),(502,102,3,"Excellent"),(503,103,3,"Unclean"),(504,104,3,"Very Good"),(505,105,3,"Poor"),(506,106,3,"Scratched"),(507,107,3,"Excellent"),(508,108,3,"Unclean"),(509,109,3,"Damaged"),(510,110,3,"Poor"),(511,111,3,"Unclean"),(512,112,3,"Poor"),(513,113,3,"Good"),(514,114,3,"Very Good"),(515,115,3,"Unclean"),(516,116,3,"Unclean"),(517,117,3,"Excellent"),(518,118,3,"Poor"),(519,119,3,"Scratched"),(520,120,3,"Unclean"),(521,121,3,"Poor"),(522,122,3,"Damaged"),(523,123,3,"Unclean"),(524,124,3,"Good"),(525,125,3,"Very Good"),(526,126,3,"Poor"),(527,127,3,"Good"),(528,128,3,"Unclean"),(529,129,3,"Damaged"),(530,130,3,"Scratched"),(531,131,3,"Very Good"),(532,132,3,"Damaged"),(533,133,3,"Unclean"),(534,134,3,"Poor"),(535,135,3,"Very Good"),(536,136,3,"Unclean"),(537,137,3,"Damaged"),(538,138,3,"Poor"),(539,139,3,"Good"),(540,140,3,"Excellent"),(541,141,3,"Damaged"),(542,142,3,"Unclean"),(543,143,3,"Damaged"),(544,144,3,"Scratched"),(545,145,3,"Unclean"),(546,146,3,"Poor"),(547,147,3,"Excellent"),(548,148,3,"Good"),(549,149,3,"Very Good"),(550,150,3,"Very Good"),(551,151,3,"Unclean"),(552,152,3,"Unclean"),(553,153,3,"Excellent"),(554,154,3,"Good"),(555,155,3,"Excellent"),(556,156,3,"Excellent"),(557,157,3,"Poor"),(558,158,3,"Scratched"),(559,159,3,"Very Good"),(560,160,3,"Very Good"),(561,161,3,"Very Good"),(562,162,3,"Very Good"),(563,163,3,"Scratched"),(564,164,3,"Unclean"),(565,165,3,"Good"),(566,166,3,"Good"),(567,167,3,"Excellent"),(568,168,3,"Very Good"),(569,169,3,"Excellent"),(570,170,3,"Very Good"),(571,171,3,"Very Good"),(572,172,3,"Excellent"),(573,173,3,"Excellent"),(574,174,3,"Damaged"),(575,175,3,"Excellent"),(576,176,3,"Poor"),(577,177,3,"Unclean"),(578,178,3,"Good"),(579,179,3,"Excellent"),(580,180,3,"Very Good"),(581,181,3,"Very Good"),(582,182,3,"Very Good"),(583,183,3,"Excellent"),(584,184,3,"Good"),(585,185,3,"Excellent"),(586,186,3,"Excellent"),(587,187,3,"Excellent"),(588,188,3,"Good"),(589,189,3,"Poor"),(590,190,3,"Damaged"),(591,191,3,"Excellent"),(592,192,3,"Scratched"),(593,193,3,"Scratched"),(594,194,3,"Good"),(595,195,3,"Excellent"),(596,196,3,"Good"),(597,197,3,"Good"),(598,198,3,"Good"),(599,199,3,"Good"),(600,200,3,"Damaged"),(601,1,4,"Damaged"),(602,2,4,"Excellent"),(603,3,4,"Scratched"),(604,4,4,"Excellent"),(605,5,4,"Excellent"),(606,6,4,"Unclean"),(607,7,4,"Very Good"),(608,8,4,"Damaged"),(609,9,4,"Very Good"),(610,10,4,"Very Good"),(611,11,4,"Poor"),(612,12,4,"Scratched"),(613,13,4,"Unclean"),(614,14,4,"Damaged"),(615,15,4,"Good"),(616,16,4,"Scratched"),(617,17,4,"Unclean"),(618,18,4,"Damaged"),(619,19,4,"Very Good"),(620,20,4,"Good"),(621,21,4,"Scratched"),(622,22,4,"Very Good"),(623,23,4,"Excellent"),(624,24,4,"Unclean"),(625,25,4,"Excellent"),(626,26,4,"Good"),(627,27,4,"Good"),(628,28,4,"Damaged"),(629,29,4,"Good"),(630,30,4,"Very Good"),(631,31,4,"Good"),(632,32,4,"Very Good"),(633,33,4,"Good"),(634,34,4,"Good"),(635,35,4,"Damaged"),(636,36,4,"Damaged"),(637,37,4,"Scratched"),(638,38,4,"Very Good"),(639,39,4,"Excellent"),(640,40,4,"Scratched"),(641,41,4,"Good"),(642,42,4,"Damaged"),(643,43,4,"Damaged"),(644,44,4,"Unclean"),(645,45,4,"Excellent"),(646,46,4,"Good"),(647,47,4,"Scratched"),(648,48,4,"Damaged"),(649,49,4,"Unclean"),(650,50,4,"Scratched"),(651,51,4,"Unclean"),(652,52,4,"Damaged"),(653,53,4,"Scratched"),(654,54,4,"Excellent"),(655,55,4,"Unclean"),(656,56,4,"Damaged"),(657,57,4,"Very Good"),(658,58,4,"Scratched"),(659,59,4,"Scratched"),(660,60,4,"Poor"),(661,61,4,"Good"),(662,62,4,"Very Good"),(663,63,4,"Good"),(664,64,4,"Damaged"),(665,65,4,"Damaged"),(666,66,4,"Very Good"),(667,67,4,"Damaged"),(668,68,4,"Excellent"),(669,69,4,"Excellent"),(670,70,4,"Unclean"),(671,71,4,"Good"),(672,72,4,"Excellent"),(673,73,4,"Unclean"),(674,74,4,"Damaged"),(675,75,4,"Good"),(676,76,4,"Good"),(677,77,4,"Poor"),(678,78,4,"Very Good"),(679,79,4,"Good"),(680,80,4,"Good"),(681,81,4,"Very Good"),(682,82,4,"Poor"),(683,83,4,"Good"),(684,84,4,"Poor"),(685,85,4,"Poor"),(686,86,4,"Very Good"),(687,87,4,"Poor"),(688,88,4,"Unclean"),(689,89,4,"Very Good"),(690,90,4,"Unclean"),(691,91,4,"Excellent"),(692,92,4,"Poor"),(693,93,4,"Excellent"),(694,94,4,"Excellent"),(695,95,4,"Poor"),(696,96,4,"Unclean"),(697,97,4,"Very Good"),(698,98,4,"Very Good"),(699,99,4,"Damaged"),(700,100,4,"Scratched"),(701,101,4,"Excellent"),(702,102,4,"Damaged"),(703,103,4,"Excellent"),(704,104,4,"Good"),(705,105,4,"Poor"),(706,106,4,"Poor"),(707,107,4,"Damaged"),(708,108,4,"Scratched"),(709,109,4,"Poor"),(710,110,4,"Damaged"),(711,111,4,"Poor"),(712,112,4,"Damaged"),(713,113,4,"Scratched"),(714,114,4,"Poor"),(715,115,4,"Very Good"),(716,116,4,"Damaged"),(717,117,4,"Good"),(718,118,4,"Poor"),(719,119,4,"Excellent"),(720,120,4,"Poor"),(721,121,4,"Scratched"),(722,122,4,"Excellent"),(723,123,4,"Very Good"),(724,124,4,"Damaged"),(725,125,4,"Very Good"),(726,126,4,"Scratched"),(727,127,4,"Poor"),(728,128,4,"Good"),(729,129,4,"Very Good"),(730,130,4,"Unclean"),(731,131,4,"Excellent"),(732,132,4,"Good"),(733,133,4,"Damaged"),(734,134,4,"Poor"),(735,135,4,"Damaged"),(736,136,4,"Very Good"),(737,137,4,"Damaged"),(738,138,4,"Poor"),(739,139,4,"Scratched"),(740,140,4,"Unclean"),(741,141,4,"Excellent"),(742,142,4,"Very Good"),(743,143,4,"Poor"),(744,144,4,"Excellent"),(745,145,4,"Poor"),(746,146,4,"Scratched"),(747,147,4,"Very Good"),(748,148,4,"Good"),(749,149,4,"Good"),(750,150,4,"Unclean"),(751,151,4,"Excellent"),(752,152,4,"Good"),(753,153,4,"Scratched"),(754,154,4,"Scratched"),(755,155,4,"Damaged"),(756,156,4,"Scratched"),(757,157,4,"Excellent"),(758,158,4,"Poor"),(759,159,4,"Excellent"),(760,160,4,"Unclean"),(761,161,4,"Very Good"),(762,162,4,"Damaged"),(763,163,4,"Good"),(764,164,4,"Very Good"),(765,165,4,"Scratched"),(766,166,4,"Poor"),(767,167,4,"Excellent"),(768,168,4,"Damaged"),(769,169,4,"Very Good"),(770,170,4,"Good"),(771,171,4,"Damaged"),(772,172,4,"Scratched"),(773,173,4,"Excellent"),(774,174,4,"Damaged"),(775,175,4,"Good"),(776,176,4,"Unclean"),(777,177,4,"Poor"),(778,178,4,"Very Good"),(779,179,4,"Very Good"),(780,180,4,"Very Good"),(781,181,4,"Good"),(782,182,4,"Very Good"),(783,183,4,"Excellent"),(784,184,4,"Good"),(785,185,4,"Excellent"),(786,186,4,"Excellent"),(787,187,4,"Scratched"),(788,188,4,"Unclean"),(789,189,4,"Damaged"),(790,190,4,"Good"),(791,191,4,"Unclean"),(792,192,4,"Excellent"),(793,193,4,"Scratched"),(794,194,4,"Good"),(795,195,4,"Good"),(796,196,4,"Very Good"),(797,197,4,"Poor"),(798,198,4,"Excellent"),(799,199,4,"Scratched"),(800,200,4,"Poor"),(801,1,5,"Excellent"),(802,2,5,"Very Good"),(803,3,5,"Good"),(804,4,5,"Unclean"),(805,5,5,"Damaged"),(806,6,5,"Scratched"),(807,7,5,"Very Good"),(808,8,5,"Damaged"),(809,9,5,"Scratched"),(810,10,5,"Very Good"),(811,11,5,"Unclean"),(812,12,5,"Poor"),(813,13,5,"Very Good"),(814,14,5,"Scratched"),(815,15,5,"Very Good"),(816,16,5,"Poor"),(817,17,5,"Poor"),(818,18,5,"Damaged"),(819,19,5,"Unclean"),(820,20,5,"Excellent"),(821,21,5,"Unclean"),(822,22,5,"Good"),(823,23,5,"Excellent"),(824,24,5,"Scratched"),(825,25,5,"Poor"),(826,26,5,"Good"),(827,27,5,"Scratched"),(828,28,5,"Poor"),(829,29,5,"Excellent"),(830,30,5,"Unclean"),(831,31,5,"Very Good"),(832,32,5,"Unclean"),(833,33,5,"Excellent"),(834,34,5,"Very Good"),(835,35,5,"Very Good"),(836,36,5,"Excellent"),(837,37,5,"Scratched"),(838,38,5,"Very Good"),(839,39,5,"Excellent"),(840,40,5,"Poor"),(841,41,5,"Damaged"),(842,42,5,"Excellent"),(843,43,5,"Damaged"),(844,44,5,"Unclean"),(845,45,5,"Damaged"),(846,46,5,"Damaged"),(847,47,5,"Good"),(848,48,5,"Unclean"),(849,49,5,"Excellent"),(850,50,5,"Unclean"),(851,51,5,"Very Good"),(852,52,5,"Good"),(853,53,5,"Very Good"),(854,54,5,"Unclean"),(855,55,5,"Poor"),(856,56,5,"Excellent"),(857,57,5,"Scratched"),(858,58,5,"Unclean"),(859,59,5,"Scratched"),(860,60,5,"Very Good"),(861,61,5,"Very Good"),(862,62,5,"Very Good"),(863,63,5,"Scratched"),(864,64,5,"Damaged"),(865,65,5,"Damaged"),(866,66,5,"Excellent"),(867,67,5,"Excellent"),(868,68,5,"Very Good"),(869,69,5,"Unclean"),(870,70,5,"Good"),(871,71,5,"Unclean"),(872,72,5,"Damaged"),(873,73,5,"Damaged"),(874,74,5,"Very Good"),(875,75,5,"Damaged"),(876,76,5,"Poor"),(877,77,5,"Very Good"),(878,78,5,"Unclean"),(879,79,5,"Good"),(880,80,5,"Damaged"),(881,81,5,"Excellent"),(882,82,5,"Good"),(883,83,5,"Scratched"),(884,84,5,"Very Good"),(885,85,5,"Scratched"),(886,86,5,"Unclean"),(887,87,5,"Unclean"),(888,88,5,"Unclean"),(889,89,5,"Good"),(890,90,5,"Scratched"),(891,91,5,"Poor"),(892,92,5,"Scratched"),(893,93,5,"Excellent"),(894,94,5,"Very Good"),(895,95,5,"Damaged"),(896,96,5,"Poor"),(897,97,5,"Damaged"),(898,98,5,"Unclean"),(899,99,5,"Damaged"),(900,100,5,"Good"),(901,101,5,"Unclean"),(902,102,5,"Poor"),(903,103,5,"Unclean"),(904,104,5,"Excellent"),(905,105,5,"Very Good"),(906,106,5,"Very Good"),(907,107,5,"Unclean"),(908,108,5,"Very Good"),(909,109,5,"Good"),(910,110,5,"Scratched"),(911,111,5,"Good"),(912,112,5,"Scratched"),(913,113,5,"Unclean"),(914,114,5,"Unclean"),(915,115,5,"Good"),(916,116,5,"Poor"),(917,117,5,"Very Good"),(918,118,5,"Damaged"),(919,119,5,"Unclean"),(920,120,5,"Scratched"),(921,121,5,"Unclean"),(922,122,5,"Very Good"),(923,123,5,"Excellent"),(924,124,5,"Good"),(925,125,5,"Good"),(926,126,5,"Very Good"),(927,127,5,"Scratched"),(928,128,5,"Scratched"),(929,129,5,"Excellent"),(930,130,5,"Excellent"),(931,131,5,"Poor"),(932,132,5,"Unclean"),(933,133,5,"Unclean"),(934,134,5,"Good"),(935,135,5,"Unclean"),(936,136,5,"Unclean"),(937,137,5,"Very Good"),(938,138,5,"Damaged"),(939,139,5,"Unclean"),(940,140,5,"Unclean"),(941,141,5,"Good"),(942,142,5,"Unclean"),(943,143,5,"Poor"),(944,144,5,"Very Good"),(945,145,5,"Poor"),(946,146,5,"Excellent"),(947,147,5,"Excellent"),(948,148,5,"Poor"),(949,149,5,"Damaged"),(950,150,5,"Very Good"),(951,151,5,"Good"),(952,152,5,"Good"),(953,153,5,"Unclean"),(954,154,5,"Scratched"),(955,155,5,"Damaged"),(956,156,5,"Good"),(957,157,5,"Poor"),(958,158,5,"Unclean"),(959,159,5,"Very Good"),(960,160,5,"Unclean"),(961,161,5,"Poor"),(962,162,5,"Unclean"),(963,163,5,"Damaged"),(964,164,5,"Unclean"),(965,165,5,"Excellent"),(966,166,5,"Damaged"),(967,167,5,"Scratched"),(968,168,5,"Good"),(969,169,5,"Poor"),(970,170,5,"Good"),(971,171,5,"Poor"),(972,172,5,"Scratched"),(973,173,5,"Scratched"),(974,174,5,"Scratched"),(975,175,5,"Damaged"),(976,176,5,"Damaged"),(977,177,5,"Poor"),(978,178,5,"Good"),(979,179,5,"Damaged"),(980,180,5,"Excellent"),(981,181,5,"Scratched"),(982,182,5,"Damaged"),(983,183,5,"Scratched"),(984,184,5,"Scratched"),(985,185,5,"Unclean"),(986,186,5,"Damaged"),(987,187,5,"Damaged"),(988,188,5,"Good"),(989,189,5,"Unclean"),(990,190,5,"Unclean"),(991,191,5,"Damaged"),(992,192,5,"Good"),(993,193,5,"Excellent"),(994,194,5,"Excellent"),(995,195,5,"Unclean"),(996,196,5,"Poor"),(997,197,5,"Excellent"),(998,198,5,"Good"),(999,199,5,"Good"),(1000,200,5,"Very Good"),(1001,1,6,"Good"),(1002,2,6,"Excellent"),(1003,3,6,"Scratched"),(1004,4,6,"Good"),(1005,5,6,"Excellent"),(1006,6,6,"Excellent"),(1007,7,6,"Excellent"),(1008,8,6,"Poor"),(1009,9,6,"Excellent"),(1010,10,6,"Good"),(1011,11,6,"Good"),(1012,12,6,"Very Good"),(1013,13,6,"Good"),(1014,14,6,"Poor"),(1015,15,6,"Good"),(1016,16,6,"Unclean"),(1017,17,6,"Poor"),(1018,18,6,"Good"),(1019,19,6,"Unclean"),(1020,20,6,"Excellent"),(1021,21,6,"Poor"),(1022,22,6,"Very Good"),(1023,23,6,"Very Good"),(1024,24,6,"Excellent"),(1025,25,6,"Good"),(1026,26,6,"Very Good"),(1027,27,6,"Very Good"),(1028,28,6,"Good"),(1029,29,6,"Poor"),(1030,30,6,"Excellent"),(1031,31,6,"Poor"),(1032,32,6,"Very Good"),(1033,33,6,"Good"),(1034,34,6,"Excellent"),(1035,35,6,"Very Good"),(1036,36,6,"Very Good"),(1037,37,6,"Good"),(1038,38,6,"Very Good"),(1039,39,6,"Very Good"),(1040,40,6,"Very Good"),(1041,41,6,"Very Good"),(1042,42,6,"Very Good"),(1043,43,6,"Good"),(1044,44,6,"Very Good"),(1045,45,6,"Unclean"),(1046,46,6,"Scratched"),(1047,47,6,"Excellent"),(1048,48,6,"Scratched"),(1049,49,6,"Very Good"),(1050,50,6,"Good"),(1051,51,6,"Excellent"),(1052,52,6,"Excellent"),(1053,53,6,"Poor"),(1054,54,6,"Unclean"),(1055,55,6,"Excellent"),(1056,56,6,"Excellent"),(1057,57,6,"Very Good"),(1058,58,6,"Very Good"),(1059,59,6,"Good"),(1060,60,6,"Very Good"),(1061,61,6,"Excellent"),(1062,62,6,"Excellent"),(1063,63,6,"Excellent"),(1064,64,6,"Very Good"),(1065,65,6,"Excellent"),(1066,66,6,"Very Good"),(1067,67,6,"Very Good"),(1068,68,6,"Good"),(1069,69,6,"Very Good"),(1070,70,6,"Very Good"),(1071,71,6,"Excellent"),(1072,72,6,"Poor"),(1073,73,6,"Poor"),(1074,74,6,"Unclean"),(1075,75,6,"Excellent"),(1076,76,6,"Scratched"),(1077,77,6,"Very Good"),(1078,78,6,"Good"),(1079,79,6,"Good"),(1080,80,6,"Scratched"),(1081,81,6,"Excellent"),(1082,82,6,"Excellent"),(1083,83,6,"Excellent"),(1084,84,6,"Good"),(1085,85,6,"Very Good"),(1086,86,6,"Very Good"),(1087,87,6,"Good"),(1088,88,6,"Unclean"),(1089,89,6,"Good"),(1090,90,6,"Excellent"),(1091,91,6,"Poor"),(1092,92,6,"Unclean"),(1093,93,6,"Excellent"),(1094,94,6,"Good"),(1095,95,6,"Excellent"),(1096,96,6,"Scratched"),(1097,97,6,"Very Good"),(1098,98,6,"Very Good"),(1099,99,6,"Poor"),(1100,100,6,"Excellent"),(1101,101,6,"Poor"),(1102,102,6,"Unclean"),(1103,103,6,"Excellent"),(1104,104,6,"Very Good"),(1105,105,6,"Very Good"),(1106,106,6,"Excellent"),(1107,107,6,"Good"),(1108,108,6,"Very Good"),(1109,109,6,"Very Good"),(1110,110,6,"Excellent"),(1111,111,6,"Unclean"),(1112,112,6,"Excellent"),(1113,113,6,"Unclean"),(1114,114,6,"Good"),(1115,115,6,"Excellent"),(1116,116,6,"Excellent"),(1117,117,6,"Good"),(1118,118,6,"Excellent"),(1119,119,6,"Good"),(1120,120,6,"Excellent"),(1121,121,6,"Good"),(1122,122,6,"Poor"),(1123,123,6,"Good"),(1124,124,6,"Very Good"),(1125,125,6,"Good"),(1126,126,6,"Very Good"),(1127,127,6,"Excellent"),(1128,128,6,"Scratched"),(1129,129,6,"Good"),(1130,130,6,"Very Good"),(1131,131,6,"Excellent"),(1132,132,6,"Good"),(1133,133,6,"Good"),(1134,134,6,"Poor"),(1135,135,6,"Excellent"),(1136,136,6,"Poor"),(1137,137,6,"Unclean"),(1138,138,6,"Good"),(1139,139,6,"Scratched"),(1140,140,6,"Scratched"),(1141,141,6,"Poor"),(1142,142,6,"Excellent"),(1143,143,6,"Very Good"),(1144,144,6,"Very Good"),(1145,145,6,"Poor"),(1146,146,6,"Good"),(1147,147,6,"Unclean"),(1148,148,6,"Scratched"),(1149,149,6,"Good"),(1150,150,6,"Very Good"),(1151,151,6,"Very Good"),(1152,152,6,"Good"),(1153,153,6,"Excellent"),(1154,154,6,"Scratched"),(1155,155,6,"Very Good"),(1156,156,6,"Very Good"),(1157,157,6,"Good"),(1158,158,6,"Very Good"),(1159,159,6,"Very Good"),(1160,160,6,"Very Good"),(1161,161,6,"Very Good"),(1162,162,6,"Very Good"),(1163,163,6,"Poor"),(1164,164,6,"Excellent"),(1165,165,6,"Excellent"),(1166,166,6,"Unclean"),(1167,167,6,"Excellent"),(1168,168,6,"Excellent"),(1169,169,6,"Poor"),(1170,170,6,"Good"),(1171,171,6,"Good"),(1172,172,6,"Very Good"),(1173,173,6,"Poor"),(1174,174,6,"Very Good"),(1175,175,6,"Excellent"),(1176,176,6,"Unclean"),(1177,177,6,"Good"),(1178,178,6,"Excellent"),(1179,179,6,"Good"),(1180,180,6,"Very Good"),(1181,181,6,"Very Good"),(1182,182,6,"Excellent"),(1183,183,6,"Excellent"),(1184,184,6,"Good"),(1185,185,6,"Excellent"),(1186,186,6,"Scratched"),(1187,187,6,"Good"),(1188,188,6,"Unclean"),(1189,189,6,"Good"),(1190,190,6,"Poor"),(1191,191,6,"Unclean"),(1192,192,6,"Poor"),(1193,193,6,"Good"),(1194,194,6,"Good"),(1195,195,6,"Very Good"),(1196,196,6,"Excellent"),(1197,197,6,"Very Good"),(1198,198,6,"Good"),(1199,199,6,"Good"),(1200,200,6,"Good"),(1201,1,7,"Excellent"),(1202,2,7,"Good"),(1203,3,7,"Excellent"),(1204,4,7,"Very Good"),(1205,5,7,"Very Good"),(1206,6,7,"Scratched"),(1207,7,7,"Scratched"),(1208,8,7,"Very Good"),(1209,9,7,"Unclean"),(1210,10,7,"Very Good"),(1211,11,7,"Good"),(1212,12,7,"Very Good"),(1213,13,7,"Excellent"),(1214,14,7,"Good"),(1215,15,7,"Good"),(1216,16,7,"Good"),(1217,17,7,"Unclean"),(1218,18,7,"Scratched"),(1219,19,7,"Scratched"),(1220,20,7,"Excellent"),(1221,21,7,"Unclean"),(1222,22,7,"Very Good"),(1223,23,7,"Good"),(1224,24,7,"Unclean"),(1225,25,7,"Good"),(1226,26,7,"Good"),(1227,27,7,"Scratched"),(1228,28,7,"Poor"),(1229,29,7,"Good"),(1230,30,7,"Unclean"),(1231,31,7,"Very Good"),(1232,32,7,"Good"),(1233,33,7,"Very Good"),(1234,34,7,"Very Good"),(1235,35,7,"Scratched"),(1236,36,7,"Very Good"),(1237,37,7,"Very Good"),(1238,38,7,"Excellent"),(1239,39,7,"Excellent"),(1240,40,7,"Good"),(1241,41,7,"Scratched"),(1242,42,7,"Unclean"),(1243,43,7,"Excellent"),(1244,44,7,"Unclean"),(1245,45,7,"Excellent"),(1246,46,7,"Excellent"),(1247,47,7,"Very Good"),(1248,48,7,"Very Good"),(1249,49,7,"Very Good"),(1250,50,7,"Good"),(1251,51,7,"Very Good"),(1252,52,7,"Scratched"),(1253,53,7,"Very Good"),(1254,54,7,"Good"),(1255,55,7,"Poor"),(1256,56,7,"Excellent"),(1257,57,7,"Excellent"),(1258,58,7,"Good"),(1259,59,7,"Good"),(1260,60,7,"Good"),(1261,61,7,"Very Good"),(1262,62,7,"Very Good"),(1263,63,7,"Unclean"),(1264,64,7,"Excellent"),(1265,65,7,"Unclean"),(1266,66,7,"Very Good"),(1267,67,7,"Good"),(1268,68,7,"Excellent"),(1269,69,7,"Good"),(1270,70,7,"Very Good"),(1271,71,7,"Good"),(1272,72,7,"Poor"),(1273,73,7,"Good"),(1274,74,7,"Scratched"),(1275,75,7,"Poor"),(1276,76,7,"Very Good"),(1277,77,7,"Excellent"),(1278,78,7,"Good"),(1279,79,7,"Excellent"),(1280,80,7,"Good"),(1281,81,7,"Good"),(1282,82,7,"Excellent"),(1283,83,7,"Excellent"),(1284,84,7,"Excellent"),(1285,85,7,"Excellent"),(1286,86,7,"Poor"),(1287,87,7,"Very Good"),(1288,88,7,"Very Good"),(1289,89,7,"Excellent"),(1290,90,7,"Very Good"),(1291,91,7,"Good"),(1292,92,7,"Scratched"),(1293,93,7,"Excellent"),(1294,94,7,"Good"),(1295,95,7,"Poor"),(1296,96,7,"Very Good"),(1297,97,7,"Good"),(1298,98,7,"Good"),(1299,99,7,"Very Good"),(1300,100,7,"Very Good"),(1301,101,7,"Good"),(1302,102,7,"Very Good"),(1303,103,7,"Excellent"),(1304,104,7,"Good"),(1305,105,7,"Good"),(1306,106,7,"Good"),(1307,107,7,"Excellent"),(1308,108,7,"Excellent"),(1309,109,7,"Excellent"),(1310,110,7,"Good"),(1311,111,7,"Excellent"),(1312,112,7,"Very Good"),(1313,113,7,"Excellent"),(1314,114,7,"Excellent"),(1315,115,7,"Good"),(1316,116,7,"Good"),(1317,117,7,"Scratched"),(1318,118,7,"Good"),(1319,119,7,"Very Good"),(1320,120,7,"Unclean"),(1321,121,7,"Unclean"),(1322,122,7,"Very Good"),(1323,123,7,"Good"),(1324,124,7,"Good"),(1325,125,7,"Good"),(1326,126,7,"Very Good"),(1327,127,7,"Good"),(1328,128,7,"Poor"),(1329,129,7,"Good"),(1330,130,7,"Poor"),(1331,131,7,"Unclean"),(1332,132,7,"Good"),(1333,133,7,"Unclean"),(1334,134,7,"Scratched"),(1335,135,7,"Excellent"),(1336,136,7,"Poor"),(1337,137,7,"Good"),(1338,138,7,"Very Good"),(1339,139,7,"Unclean"),(1340,140,7,"Very Good"),(1341,141,7,"Very Good"),(1342,142,7,"Very Good"),(1343,143,7,"Good"),(1344,144,7,"Excellent"),(1345,145,7,"Good"),(1346,146,7,"Good"),(1347,147,7,"Excellent"),(1348,148,7,"Excellent"),(1349,149,7,"Poor"),(1350,150,7,"Excellent"),(1351,151,7,"Good"),(1352,152,7,"Unclean"),(1353,153,7,"Good"),(1354,154,7,"Excellent"),(1355,155,7,"Excellent"),(1356,156,7,"Excellent"),(1357,157,7,"Good"),(1358,158,7,"Good"),(1359,159,7,"Excellent"),(1360,160,7,"Good"),(1361,161,7,"Excellent"),(1362,162,7,"Very Good"),(1363,163,7,"Very Good"),(1364,164,7,"Poor"),(1365,165,7,"Excellent"),(1366,166,7,"Unclean"),(1367,167,7,"Good"),(1368,168,7,"Unclean"),(1369,169,7,"Poor"),(1370,170,7,"Very Good"),(1371,171,7,"Good"),(1372,172,7,"Good"),(1373,173,7,"Good"),(1374,174,7,"Unclean"),(1375,175,7,"Good"),(1376,176,7,"Good"),(1377,177,7,"Very Good"),(1378,178,7,"Good"),(1379,179,7,"Poor"),(1380,180,7,"Very Good"),(1381,181,7,"Excellent"),(1382,182,7,"Very Good"),(1383,183,7,"Good"),(1384,184,7,"Very Good"),(1385,185,7,"Excellent"),(1386,186,7,"Poor"),(1387,187,7,"Poor"),(1388,188,7,"Scratched"),(1389,189,7,"Excellent"),(1390,190,7,"Good"),(1391,191,7,"Scratched"),(1392,192,7,"Good"),(1393,193,7,"Poor"),(1394,194,7,"Excellent"),(1395,195,7,"Scratched"),(1396,196,7,"Good"),(1397,197,7,"Scratched"),(1398,198,7,"Poor"),(1399,199,7,"Good"),(1400,200,7,"Very Good"),(1401,1,8,"Good"),(1402,2,8,"Excellent"),(1403,3,8,"Good"),(1404,4,8,"Excellent"),(1405,5,8,"Unclean"),(1406,6,8,"Good"),(1407,7,8,"Unclean"),(1408,8,8,"Excellent"),(1409,9,8,"Poor"),(1410,10,8,"Good"),(1411,11,8,"Good"),(1412,12,8,"Very Good"),(1413,13,8,"Very Good"),(1414,14,8,"Very Good"),(1415,15,8,"Excellent"),(1416,16,8,"Unclean"),(1417,17,8,"Good"),(1418,18,8,"Very Good"),(1419,19,8,"Good"),(1420,20,8,"Very Good"),(1421,21,8,"Excellent"),(1422,22,8,"Excellent"),(1423,23,8,"Very Good"),(1424,24,8,"Unclean"),(1425,25,8,"Good"),(1426,26,8,"Very Good"),(1427,27,8,"Good"),(1428,28,8,"Very Good"),(1429,29,8,"Good"),(1430,30,8,"Good"),(1431,31,8,"Very Good"),(1432,32,8,"Good"),(1433,33,8,"Very Good"),(1434,34,8,"Good"),(1435,35,8,"Excellent"),(1436,36,8,"Very Good"),(1437,37,8,"Excellent"),(1438,38,8,"Poor"),(1439,39,8,"Good"),(1440,40,8,"Unclean"),(1441,41,8,"Very Good"),(1442,42,8,"Excellent"),(1443,43,8,"Poor"),(1444,44,8,"Very Good"),(1445,45,8,"Good"),(1446,46,8,"Good"),(1447,47,8,"Unclean"),(1448,48,8,"Unclean"),(1449,49,8,"Very Good"),(1450,50,8,"Good"),(1451,51,8,"Excellent"),(1452,52,8,"Very Good"),(1453,53,8,"Excellent"),(1454,54,8,"Excellent"),(1455,55,8,"Excellent"),(1456,56,8,"Good"),(1457,57,8,"Good"),(1458,58,8,"Excellent"),(1459,59,8,"Excellent"),(1460,60,8,"Good"),(1461,61,8,"Excellent"),(1462,62,8,"Very Good"),(1463,63,8,"Good"),(1464,64,8,"Poor"),(1465,65,8,"Poor"),(1466,66,8,"Very Good"),(1467,67,8,"Very Good"),(1468,68,8,"Excellent"),(1469,69,8,"Good"),(1470,70,8,"Good"),(1471,71,8,"Very Good"),(1472,72,8,"Good"),(1473,73,8,"Good"),(1474,74,8,"Poor"),(1475,75,8,"Very Good"),(1476,76,8,"Excellent"),(1477,77,8,"Excellent"),(1478,78,8,"Good"),(1479,79,8,"Very Good"),(1480,80,8,"Good"),(1481,81,8,"Excellent"),(1482,82,8,"Good"),(1483,83,8,"Very Good"),(1484,84,8,"Good"),(1485,85,8,"Poor"),(1486,86,8,"Excellent"),(1487,87,8,"Good"),(1488,88,8,"Poor"),(1489,89,8,"Excellent"),(1490,90,8,"Good"),(1491,91,8,"Good"),(1492,92,8,"Excellent"),(1493,93,8,"Very Good"),(1494,94,8,"Excellent"),(1495,95,8,"Good"),(1496,96,8,"Very Good"),(1497,97,8,"Excellent"),(1498,98,8,"Good"),(1499,99,8,"Good"),(1500,100,8,"Unclean"),(1501,101,8,"Unclean"),(1502,102,8,"Very Good"),(1503,103,8,"Good"),(1504,104,8,"Very Good"),(1505,105,8,"Very Good"),(1506,106,8,"Good"),(1507,107,8,"Good"),(1508,108,8,"Very Good"),(1509,109,8,"Poor"),(1510,110,8,"Good"),(1511,111,8,"Good"),(1512,112,8,"Excellent"),(1513,113,8,"Good"),(1514,114,8,"Excellent"),(1515,115,8,"Poor"),(1516,116,8,"Unclean"),(1517,117,8,"Good"),(1518,118,8,"Good"),(1519,119,8,"Poor"),(1520,120,8,"Very Good"),(1521,121,8,"Unclean"),(1522,122,8,"Good"),(1523,123,8,"Good"),(1524,124,8,"Poor"),(1525,125,8,"Good"),(1526,126,8,"Poor"),(1527,127,8,"Very Good"),(1528,128,8,"Excellent"),(1529,129,8,"Good"),(1530,130,8,"Unclean"),(1531,131,8,"Good"),(1532,132,8,"Very Good"),(1533,133,8,"Good"),(1534,134,8,"Excellent"),(1535,135,8,"Very Good"),(1536,136,8,"Unclean"),(1537,137,8,"Very Good"),(1538,138,8,"Good"),(1539,139,8,"Unclean"),(1540,140,8,"Very Good"),(1541,141,8,"Poor"),(1542,142,8,"Good"),(1543,143,8,"Very Good"),(1544,144,8,"Good"),(1545,145,8,"Unclean"),(1546,146,8,"Very Good"),(1547,147,8,"Very Good"),(1548,148,8,"Good"),(1549,149,8,"Very Good"),(1550,150,8,"Good"),(1551,151,8,"Very Good"),(1552,152,8,"Excellent"),(1553,153,8,"Poor"),(1554,154,8,"Unclean"),(1555,155,8,"Good"),(1556,156,8,"Good"),(1557,157,8,"Excellent"),(1558,158,8,"Very Good"),(1559,159,8,"Good"),(1560,160,8,"Excellent"),(1561,161,8,"Very Good"),(1562,162,8,"Unclean"),(1563,163,8,"Poor"),(1564,164,8,"Very Good"),(1565,165,8,"Poor"),(1566,166,8,"Very Good"),(1567,167,8,"Poor"),(1568,168,8,"Good"),(1569,169,8,"Unclean"),(1570,170,8,"Very Good"),(1571,171,8,"Excellent"),(1572,172,8,"Poor"),(1573,173,8,"Good"),(1574,174,8,"Good"),(1575,175,8,"Good"),(1576,176,8,"Very Good"),(1577,177,8,"Excellent"),(1578,178,8,"Good"),(1579,179,8,"Good"),(1580,180,8,"Very Good"),(1581,181,8,"Good"),(1582,182,8,"Very Good"),(1583,183,8,"Very Good"),(1584,184,8,"Good"),(1585,185,8,"Poor"),(1586,186,8,"Very Good"),(1587,187,8,"Excellent"),(1588,188,8,"Excellent"),(1589,189,8,"Good"),(1590,190,8,"Unclean"),(1591,191,8,"Good"),(1592,192,8,"Poor"),(1593,193,8,"Good"),(1594,194,8,"Unclean"),(1595,195,8,"Good"),(1596,196,8,"Poor"),(1597,197,8,"Very Good"),(1598,198,8,"Excellent"),(1599,199,8,"Unclean"),(1600,200,8,"Very Good"),(1601,1,9,"Poor"),(1602,2,9,"Good"),(1603,3,9,"Poor"),(1604,4,9,"Very Good"),(1605,5,9,"Excellent"),(1606,6,9,"Excellent"),(1607,7,9,"Excellent"),(1608,8,9,"Very Good"),(1609,9,9,"Good"),(1610,10,9,"Poor"),(1611,11,9,"Very Good"),(1612,12,9,"Poor"),(1613,13,9,"Unclean"),(1614,14,9,"Excellent"),(1615,15,9,"Good"),(1616,16,9,"Excellent"),(1617,17,9,"Unclean"),(1618,18,9,"Excellent"),(1619,19,9,"Unclean"),(1620,20,9,"Poor"),(1621,21,9,"Excellent"),(1622,22,9,"Excellent"),(1623,23,9,"Good"),(1624,24,9,"Excellent"),(1625,25,9,"Very Good"),(1626,26,9,"Excellent"),(1627,27,9,"Good"),(1628,28,9,"Very Good"),(1629,29,9,"Very Good"),(1630,30,9,"Unclean"),(1631,31,9,"Unclean"),(1632,32,9,"Excellent"),(1633,33,9,"Unclean"),(1634,34,9,"Good"),(1635,35,9,"Good"),(1636,36,9,"Excellent"),(1637,37,9,"Poor"),(1638,38,9,"Excellent"),(1639,39,9,"Excellent"),(1640,40,9,"Very Good"),(1641,41,9,"Unclean"),(1642,42,9,"Good"),(1643,43,9,"Poor"),(1644,44,9,"Excellent"),(1645,45,9,"Poor"),(1646,46,9,"Excellent"),(1647,47,9,"Excellent"),(1648,48,9,"Poor"),(1649,49,9,"Very Good"),(1650,50,9,"Good"),(1651,51,9,"Very Good"),(1652,52,9,"Good"),(1653,53,9,"Very Good"),(1654,54,9,"Good"),(1655,55,9,"Very Good"),(1656,56,9,"Good"),(1657,57,9,"Excellent"),(1658,58,9,"Good"),(1659,59,9,"Good"),(1660,60,9,"Good"),(1661,61,9,"Excellent"),(1662,62,9,"Unclean"),(1663,63,9,"Good"),(1664,64,9,"Poor"),(1665,65,9,"Very Good"),(1666,66,9,"Good"),(1667,67,9,"Poor"),(1668,68,9,"Good"),(1669,69,9,"Excellent"),(1670,70,9,"Very Good"),(1671,71,9,"Poor"),(1672,72,9,"Good"),(1673,73,9,"Excellent"),(1674,74,9,"Poor"),(1675,75,9,"Unclean"),(1676,76,9,"Very Good"),(1677,77,9,"Good"),(1678,78,9,"Unclean"),(1679,79,9,"Good"),(1680,80,9,"Good"),(1681,81,9,"Poor"),(1682,82,9,"Poor"),(1683,83,9,"Excellent"),(1684,84,9,"Good"),(1685,85,9,"Poor"),(1686,86,9,"Excellent"),(1687,87,9,"Good"),(1688,88,9,"Unclean"),(1689,89,9,"Excellent"),(1690,90,9,"Good"),(1691,91,9,"Very Good"),(1692,92,9,"Excellent"),(1693,93,9,"Poor"),(1694,94,9,"Good"),(1695,95,9,"Excellent"),(1696,96,9,"Very Good"),(1697,97,9,"Good"),(1698,98,9,"Good"),(1699,99,9,"Very Good"),(1700,100,9,"Excellent"),(1701,101,9,"Very Good"),(1702,102,9,"Good"),(1703,103,9,"Excellent"),(1704,104,9,"Good"),(1705,105,9,"Poor"),(1706,106,9,"Good"),(1707,107,9,"Good"),(1708,108,9,"Good"),(1709,109,9,"Very Good"),(1710,110,9,"Very Good"),(1711,111,9,"Good"),(1712,112,9,"Unclean"),(1713,113,9,"Excellent"),(1714,114,9,"Unclean"),(1715,115,9,"Excellent"),(1716,116,9,"Poor"),(1717,117,9,"Good"),(1718,118,9,"Unclean"),(1719,119,9,"Unclean"),(1720,120,9,"Very Good"),(1721,121,9,"Good"),(1722,122,9,"Excellent"),(1723,123,9,"Poor"),(1724,124,9,"Good"),(1725,125,9,"Very Good"),(1726,126,9,"Good"),(1727,127,9,"Unclean"),(1728,128,9,"Unclean"),(1729,129,9,"Very Good"),(1730,130,9,"Excellent"),(1731,131,9,"Poor"),(1732,132,9,"Excellent"),(1733,133,9,"Excellent"),(1734,134,9,"Excellent"),(1735,135,9,"Excellent"),(1736,136,9,"Poor"),(1737,137,9,"Good"),(1738,138,9,"Very Good"),(1739,139,9,"Good"),(1740,140,9,"Very Good"),(1741,141,9,"Excellent"),(1742,142,9,"Poor"),(1743,143,9,"Excellent"),(1744,144,9,"Very Good"),(1745,145,9,"Very Good"),(1746,146,9,"Good"),(1747,147,9,"Very Good"),(1748,148,9,"Very Good"),(1749,149,9,"Good"),(1750,150,9,"Very Good"),(1751,151,9,"Very Good"),(1752,152,9,"Very Good"),(1753,153,9,"Good"),(1754,154,9,"Excellent"),(1755,155,9,"Very Good"),(1756,156,9,"Good"),(1757,157,9,"Good"),(1758,158,9,"Good"),(1759,159,9,"Unclean"),(1760,160,9,"Very Good"),(1761,161,9,"Very Good"),(1762,162,9,"Good"),(1763,163,9,"Very Good"),(1764,164,9,"Poor"),(1765,165,9,"Very Good"),(1766,166,9,"Good"),(1767,167,9,"Excellent"),(1768,168,9,"Very Good"),(1769,169,9,"Excellent"),(1770,170,9,"Excellent"),(1771,171,9,"Excellent"),(1772,172,9,"Poor"),(1773,173,9,"Good"),(1774,174,9,"Very Good"),(1775,175,9,"Good"),(1776,176,9,"Poor"),(1777,177,9,"Excellent"),(1778,178,9,"Poor"),(1779,179,9,"Excellent"),(1780,180,9,"Unclean"),(1781,181,9,"Very Good"),(1782,182,9,"Good"),(1783,183,9,"Excellent"),(1784,184,9,"Poor"),(1785,185,9,"Poor"),(1786,186,9,"Excellent"),(1787,187,9,"Poor"),(1788,188,9,"Good"),(1789,189,9,"Excellent"),(1790,190,9,"Good"),(1791,191,9,"Excellent"),(1792,192,9,"Excellent"),(1793,193,9,"Poor"),(1794,194,9,"Excellent"),(1795,195,9,"Excellent"),(1796,196,9,"Excellent"),(1797,197,9,"Good"),(1798,198,9,"Good"),(1799,199,9,"Poor"),(1800,200,9,"Very Good"),(1801,1,10,"Good"),(1802,2,10,"Good"),(1803,3,10,"Very Good"),(1804,4,10,"Very Good"),(1805,5,10,"Unclean"),(1806,6,10,"Very Good"),(1807,7,10,"Good"),(1808,8,10,"Unclean"),(1809,9,10,"Unclean"),(1810,10,10,"Excellent"),(1811,11,10,"Good"),(1812,12,10,"Very Good"),(1813,13,10,"Good"),(1814,14,10,"Good"),(1815,15,10,"Good"),(1816,16,10,"Good"),(1817,17,10,"Excellent"),(1818,18,10,"Very Good"),(1819,19,10,"Unclean"),(1820,20,10,"Very Good"),(1821,21,10,"Excellent"),(1822,22,10,"Very Good"),(1823,23,10,"Good"),(1824,24,10,"Poor"),(1825,25,10,"Excellent"),(1826,26,10,"Good"),(1827,27,10,"Very Good"),(1828,28,10,"Excellent"),(1829,29,10,"Very Good"),(1830,30,10,"Good"),(1831,31,10,"Excellent"),(1832,32,10,"Excellent"),(1833,33,10,"Very Good"),(1834,34,10,"Very Good"),(1835,35,10,"Good"),(1836,36,10,"Unclean"),(1837,37,10,"Poor"),(1838,38,10,"Good"),(1839,39,10,"Excellent"),(1840,40,10,"Good"),(1841,41,10,"Good"),(1842,42,10,"Poor"),(1843,43,10,"Very Good"),(1844,44,10,"Excellent"),(1845,45,10,"Poor"),(1846,46,10,"Very Good"),(1847,47,10,"Very Good"),(1848,48,10,"Good"),(1849,49,10,"Very Good"),(1850,50,10,"Excellent"),(1851,51,10,"Excellent"),(1852,52,10,"Good"),(1853,53,10,"Very Good"),(1854,54,10,"Very Good"),(1855,55,10,"Very Good"),(1856,56,10,"Very Good"),(1857,57,10,"Poor"),(1858,58,10,"Good"),(1859,59,10,"Very Good"),(1860,60,10,"Poor"),(1861,61,10,"Very Good"),(1862,62,10,"Good"),(1863,63,10,"Good"),(1864,64,10,"Good"),(1865,65,10,"Unclean"),(1866,66,10,"Unclean"),(1867,67,10,"Excellent"),(1868,68,10,"Good"),(1869,69,10,"Very Good"),(1870,70,10,"Very Good"),(1871,71,10,"Excellent"),(1872,72,10,"Very Good"),(1873,73,10,"Unclean"),(1874,74,10,"Unclean"),(1875,75,10,"Very Good"),(1876,76,10,"Unclean"),(1877,77,10,"Good"),(1878,78,10,"Very Good"),(1879,79,10,"Poor"),(1880,80,10,"Unclean"),(1881,81,10,"Excellent"),(1882,82,10,"Very Good"),(1883,83,10,"Very Good"),(1884,84,10,"Excellent"),(1885,85,10,"Unclean"),(1886,86,10,"Poor"),(1887,87,10,"Good"),(1888,88,10,"Very Good"),(1889,89,10,"Poor"),(1890,90,10,"Poor"),(1891,91,10,"Very Good"),(1892,92,10,"Poor"),(1893,93,10,"Poor"),(1894,94,10,"Poor"),(1895,95,10,"Unclean"),(1896,96,10,"Unclean"),(1897,97,10,"Very Good"),(1898,98,10,"Poor"),(1899,99,10,"Good"),(1900,100,10,"Excellent"),(1901,101,10,"Very Good"),(1902,102,10,"Poor"),(1903,103,10,"Good"),(1904,104,10,"Unclean"),(1905,105,10,"Excellent"),(1906,106,10,"Unclean"),(1907,107,10,"Good"),(1908,108,10,"Unclean"),(1909,109,10,"Excellent"),(1910,110,10,"Good"),(1911,111,10,"Good"),(1912,112,10,"Good"),(1913,113,10,"Good"),(1914,114,10,"Excellent"),(1915,115,10,"Good"),(1916,116,10,"Very Good"),(1917,117,10,"Good"),(1918,118,10,"Unclean"),(1919,119,10,"Unclean"),(1920,120,10,"Excellent"),(1921,121,10,"Very Good"),(1922,122,10,"Good"),(1923,123,10,"Good"),(1924,124,10,"Excellent"),(1925,125,10,"Unclean"),(1926,126,10,"Poor"),(1927,127,10,"Good"),(1928,128,10,"Very Good"),(1929,129,10,"Unclean"),(1930,130,10,"Excellent"),(1931,131,10,"Unclean"),(1932,132,10,"Poor"),(1933,133,10,"Very Good"),(1934,134,10,"Good"),(1935,135,10,"Excellent"),(1936,136,10,"Good"),(1937,137,10,"Poor"),(1938,138,10,"Good"),(1939,139,10,"Good"),(1940,140,10,"Good"),(1941,141,10,"Very Good"),(1942,142,10,"Unclean"),(1943,143,10,"Very Good"),(1944,144,10,"Excellent"),(1945,145,10,"Good"),(1946,146,10,"Excellent"),(1947,147,10,"Poor"),(1948,148,10,"Excellent"),(1949,149,10,"Excellent"),(1950,150,10,"Good"),(1951,151,10,"Good"),(1952,152,10,"Poor"),(1953,153,10,"Good"),(1954,154,10,"Very Good"),(1955,155,10,"Good"),(1956,156,10,"Excellent"),(1957,157,10,"Good"),(1958,158,10,"Excellent"),(1959,159,10,"Very Good"),(1960,160,10,"Good"),(1961,161,10,"Good"),(1962,162,10,"Excellent"),(1963,163,10,"Very Good"),(1964,164,10,"Very Good"),(1965,165,10,"Good"),(1966,166,10,"Unclean"),(1967,167,10,"Good"),(1968,168,10,"Excellent"),(1969,169,10,"Excellent"),(1970,170,10,"Good"),(1971,171,10,"Good"),(1972,172,10,"Excellent"),(1973,173,10,"Good"),(1974,174,10,"Good"),(1975,175,10,"Good"),(1976,176,10,"Excellent"),(1977,177,10,"Excellent"),(1978,178,10,"Very Good"),(1979,179,10,"Very Good"),(1980,180,10,"Poor"),(1981,181,10,"Excellent"),(1982,182,10,"Good"),(1983,183,10,"Good"),(1984,184,10,"Excellent"),(1985,185,10,"Unclean"),(1986,186,10,"Good"),(1987,187,10,"Very Good"),(1988,188,10,"Unclean"),(1989,189,10,"Excellent"),(1990,190,10,"Good"),(1991,191,10,"Good"),(1992,192,10,"Good"),(1993,193,10,"Good"),(1994,194,10,"Good"),(1995,195,10,"Good"),(1996,196,10,"Very Good"),(1997,197,10,"Good"),(1998,198,10,"Good"),(1999,199,10,"Good"),(2000,200,10,"Good"),(2001,1,11,"Excellent"),(2002,2,11,"Excellent"),(2003,3,11,"Excellent"),(2004,4,11,"Excellent"),(2005,5,11,"Unclean"),(2006,6,11,"Poor"),(2007,7,11,"Excellent"),(2008,8,11,"Excellent"),(2009,9,11,"Good"),(2010,10,11,"Good"),(2011,11,11,"Excellent"),(2012,12,11,"Unclean"),(2013,13,11,"Good"),(2014,14,11,"Excellent"),(2015,15,11,"Very Good"),(2016,16,11,"Excellent"),(2017,17,11,"Excellent"),(2018,18,11,"Poor"),(2019,19,11,"Excellent"),(2020,20,11,"Very Good"),(2021,21,11,"Very Good"),(2022,22,11,"Excellent"),(2023,23,11,"Good"),(2024,24,11,"Very Good"),(2025,25,11,"Good"),(2026,26,11,"Unclean"),(2027,27,11,"Excellent"),(2028,28,11,"Good"),(2029,29,11,"Excellent"),(2030,30,11,"Good"),(2031,31,11,"Very Good"),(2032,32,11,"Excellent"),(2033,33,11,"Excellent"),(2034,34,11,"Excellent"),(2035,35,11,"Good"),(2036,36,11,"Unclean"),(2037,37,11,"Good"),(2038,38,11,"Good"),(2039,39,11,"Excellent"),(2040,40,11,"Good"),(2041,41,11,"Poor"),(2042,42,11,"Excellent"),(2043,43,11,"Excellent"),(2044,44,11,"Good"),(2045,45,11,"Unclean"),(2046,46,11,"Excellent"),(2047,47,11,"Excellent"),(2048,48,11,"Excellent"),(2049,49,11,"Very Good"),(2050,50,11,"Very Good"),(2051,51,11,"Good"),(2052,52,11,"Excellent"),(2053,53,11,"Excellent"),(2054,54,11,"Good"),(2055,55,11,"Excellent"),(2056,56,11,"Very Good"),(2057,57,11,"Very Good"),(2058,58,11,"Unclean"),(2059,59,11,"Very Good"),(2060,60,11,"Very Good"),(2061,61,11,"Very Good"),(2062,62,11,"Good"),(2063,63,11,"Unclean"),(2064,64,11,"Good"),(2065,65,11,"Good"),(2066,66,11,"Very Good"),(2067,67,11,"Good"),(2068,68,11,"Good"),(2069,69,11,"Very Good"),(2070,70,11,"Very Good"),(2071,71,11,"Good"),(2072,72,11,"Excellent"),(2073,73,11,"Very Good"),(2074,74,11,"Good"),(2075,75,11,"Good"),(2076,76,11,"Excellent"),(2077,77,11,"Unclean"),(2078,78,11,"Unclean"),(2079,79,11,"Excellent"),(2080,80,11,"Very Good"),(2081,81,11,"Unclean"),(2082,82,11,"Good"),(2083,83,11,"Very Good"),(2084,84,11,"Unclean"),(2085,85,11,"Very Good"),(2086,86,11,"Excellent"),(2087,87,11,"Excellent"),(2088,88,11,"Good"),(2089,89,11,"Excellent"),(2090,90,11,"Good"),(2091,91,11,"Unclean"),(2092,92,11,"Unclean"),(2093,93,11,"Good"),(2094,94,11,"Good"),(2095,95,11,"Good"),(2096,96,11,"Good"),(2097,97,11,"Excellent"),(2098,98,11,"Very Good"),(2099,99,11,"Good"),(2100,100,11,"Unclean"),(2101,101,11,"Excellent"),(2102,102,11,"Good"),(2103,103,11,"Poor"),(2104,104,11,"Good"),(2105,105,11,"Good"),(2106,106,11,"Unclean"),(2107,107,11,"Good"),(2108,108,11,"Very Good"),(2109,109,11,"Poor"),(2110,110,11,"Poor"),(2111,111,11,"Unclean"),(2112,112,11,"Very Good"),(2113,113,11,"Good"),(2114,114,11,"Unclean"),(2115,115,11,"Excellent"),(2116,116,11,"Very Good"),(2117,117,11,"Good"),(2118,118,11,"Good"),(2119,119,11,"Good"),(2120,120,11,"Good"),(2121,121,11,"Excellent"),(2122,122,11,"Very Good"),(2123,123,11,"Good"),(2124,124,11,"Poor"),(2125,125,11,"Excellent"),(2126,126,11,"Good"),(2127,127,11,"Very Good"),(2128,128,11,"Good"),(2129,129,11,"Very Good"),(2130,130,11,"Unclean"),(2131,131,11,"Excellent"),(2132,132,11,"Very Good"),(2133,133,11,"Very Good"),(2134,134,11,"Good"),(2135,135,11,"Good"),(2136,136,11,"Good"),(2137,137,11,"Poor"),(2138,138,11,"Very Good"),(2139,139,11,"Good"),(2140,140,11,"Good"),(2141,141,11,"Unclean"),(2142,142,11,"Excellent"),(2143,143,11,"Good"),(2144,144,11,"Good"),(2145,145,11,"Very Good"),(2146,146,11,"Very Good"),(2147,147,11,"Very Good"),(2148,148,11,"Good"),(2149,149,11,"Good"),(2150,150,11,"Unclean"),(2151,151,11,"Excellent"),(2152,152,11,"Poor"),(2153,153,11,"Good"),(2154,154,11,"Unclean"),(2155,155,11,"Unclean"),(2156,156,11,"Poor"),(2157,157,11,"Very Good"),(2158,158,11,"Very Good"),(2159,159,11,"Good"),(2160,160,11,"Excellent"),(2161,161,11,"Very Good"),(2162,162,11,"Excellent"),(2163,163,11,"Good"),(2164,164,11,"Good"),(2165,165,11,"Unclean"),(2166,166,11,"Excellent"),(2167,167,11,"Unclean"),(2168,168,11,"Good"),(2169,169,11,"Excellent"),(2170,170,11,"Excellent"),(2171,171,11,"Good"),(2172,172,11,"Poor"),(2173,173,11,"Excellent"),(2174,174,11,"Very Good"),(2175,175,11,"Good"),(2176,176,11,"Very Good"),(2177,177,11,"Poor"),(2178,178,11,"Good"),(2179,179,11,"Excellent"),(2180,180,11,"Poor"),(2181,181,11,"Very Good"),(2182,182,11,"Good"),(2183,183,11,"Excellent"),(2184,184,11,"Good"),(2185,185,11,"Very Good"),(2186,186,11,"Unclean"),(2187,187,11,"Good"),(2188,188,11,"Good"),(2189,189,11,"Good"),(2190,190,11,"Excellent"),(2191,191,11,"Good"),(2192,192,11,"Excellent"),(2193,193,11,"Good"),(2194,194,11,"Very Good"),(2195,195,11,"Good"),(2196,196,11,"Unclean"),(2197,197,11,"Poor"),(2198,198,11,"Very Good"),(2199,199,11,"Excellent"),(2200,200,11,"Very Good"),(2201,1,12,"Good"),(2202,2,12,"Good"),(2203,3,12,"Good"),(2204,4,12,"Good"),(2205,5,12,"Good"),(2206,6,12,"Unclean"),(2207,7,12,"Very Good"),(2208,8,12,"Excellent"),(2209,9,12,"Very Good"),(2210,10,12,"Good"),(2211,11,12,"Very Good"),(2212,12,12,"Good"),(2213,13,12,"Unclean"),(2214,14,12,"Very Good"),(2215,15,12,"Unclean"),(2216,16,12,"Unclean"),(2217,17,12,"Good"),(2218,18,12,"Poor"),(2219,19,12,"Good"),(2220,20,12,"Very Good"),(2221,21,12,"Good"),(2222,22,12,"Excellent"),(2223,23,12,"Very Good"),(2224,24,12,"Excellent"),(2225,25,12,"Excellent"),(2226,26,12,"Excellent"),(2227,27,12,"Poor"),(2228,28,12,"Unclean"),(2229,29,12,"Excellent"),(2230,30,12,"Excellent"),(2231,31,12,"Very Good"),(2232,32,12,"Good"),(2233,33,12,"Good"),(2234,34,12,"Very Good"),(2235,35,12,"Very Good"),(2236,36,12,"Very Good"),(2237,37,12,"Unclean"),(2238,38,12,"Poor"),(2239,39,12,"Good"),(2240,40,12,"Excellent"),(2241,41,12,"Good"),(2242,42,12,"Poor"),(2243,43,12,"Good"),(2244,44,12,"Unclean"),(2245,45,12,"Unclean"),(2246,46,12,"Very Good"),(2247,47,12,"Very Good"),(2248,48,12,"Very Good"),(2249,49,12,"Excellent"),(2250,50,12,"Excellent"),(2251,51,12,"Good"),(2252,52,12,"Good"),(2253,53,12,"Excellent"),(2254,54,12,"Very Good"),(2255,55,12,"Very Good"),(2256,56,12,"Good"),(2257,57,12,"Good"),(2258,58,12,"Poor"),(2259,59,12,"Good"),(2260,60,12,"Excellent"),(2261,61,12,"Very Good"),(2262,62,12,"Very Good"),(2263,63,12,"Unclean"),(2264,64,12,"Very Good"),(2265,65,12,"Poor"),(2266,66,12,"Unclean"),(2267,67,12,"Very Good"),(2268,68,12,"Good"),(2269,69,12,"Very Good"),(2270,70,12,"Poor"),(2271,71,12,"Poor"),(2272,72,12,"Excellent"),(2273,73,12,"Excellent"),(2274,74,12,"Excellent"),(2275,75,12,"Very Good"),(2276,76,12,"Excellent"),(2277,77,12,"Very Good"),(2278,78,12,"Excellent"),(2279,79,12,"Good"),(2280,80,12,"Good"),(2281,81,12,"Excellent"),(2282,82,12,"Unclean"),(2283,83,12,"Good"),(2284,84,12,"Unclean"),(2285,85,12,"Good"),(2286,86,12,"Good"),(2287,87,12,"Excellent"),(2288,88,12,"Very Good"),(2289,89,12,"Poor"),(2290,90,12,"Unclean"),(2291,91,12,"Unclean"),(2292,92,12,"Good"),(2293,93,12,"Very Good"),(2294,94,12,"Good"),(2295,95,12,"Very Good"),(2296,96,12,"Unclean"),(2297,97,12,"Unclean"),(2298,98,12,"Good"),(2299,99,12,"Excellent"),(2300,100,12,"Good"),(2301,101,12,"Excellent"),(2302,102,12,"Excellent"),(2303,103,12,"Good"),(2304,104,12,"Very Good"),(2305,105,12,"Good"),(2306,106,12,"Excellent"),(2307,107,12,"Excellent"),(2308,108,12,"Very Good"),(2309,109,12,"Very Good"),(2310,110,12,"Excellent"),(2311,111,12,"Good"),(2312,112,12,"Good"),(2313,113,12,"Very Good"),(2314,114,12,"Excellent"),(2315,115,12,"Excellent"),(2316,116,12,"Good"),(2317,117,12,"Good"),(2318,118,12,"Excellent"),(2319,119,12,"Good"),(2320,120,12,"Good"),(2321,121,12,"Very Good"),(2322,122,12,"Excellent"),(2323,123,12,"Good"),(2324,124,12,"Excellent"),(2325,125,12,"Excellent"),(2326,126,12,"Excellent"),(2327,127,12,"Good"),(2328,128,12,"Poor"),(2329,129,12,"Very Good"),(2330,130,12,"Good"),(2331,131,12,"Good"),(2332,132,12,"Poor"),(2333,133,12,"Excellent"),(2334,134,12,"Good"),(2335,135,12,"Excellent"),(2336,136,12,"Unclean"),(2337,137,12,"Poor"),(2338,138,12,"Good"),(2339,139,12,"Poor"),(2340,140,12,"Unclean"),(2341,141,12,"Excellent"),(2342,142,12,"Good"),(2343,143,12,"Very Good"),(2344,144,12,"Good"),(2345,145,12,"Very Good"),(2346,146,12,"Very Good"),(2347,147,12,"Excellent"),(2348,148,12,"Good"),(2349,149,12,"Good"),(2350,150,12,"Poor"),(2351,151,12,"Good"),(2352,152,12,"Unclean"),(2353,153,12,"Very Good"),(2354,154,12,"Good"),(2355,155,12,"Good"),(2356,156,12,"Excellent"),(2357,157,12,"Excellent"),(2358,158,12,"Good"),(2359,159,12,"Excellent"),(2360,160,12,"Good"),(2361,161,12,"Very Good"),(2362,162,12,"Poor"),(2363,163,12,"Good"),(2364,164,12,"Excellent"),(2365,165,12,"Excellent"),(2366,166,12,"Excellent"),(2367,167,12,"Excellent"),(2368,168,12,"Good"),(2369,169,12,"Excellent"),(2370,170,12,"Unclean"),(2371,171,12,"Poor"),(2372,172,12,"Excellent"),(2373,173,12,"Very Good"),(2374,174,12,"Excellent"),(2375,175,12,"Very Good"),(2376,176,12,"Unclean"),(2377,177,12,"Excellent"),(2378,178,12,"Very Good"),(2379,179,12,"Poor"),(2380,180,12,"Good"),(2381,181,12,"Good"),(2382,182,12,"Poor"),(2383,183,12,"Poor"),(2384,184,12,"Good"),(2385,185,12,"Excellent"),(2386,186,12,"Good"),(2387,187,12,"Good"),(2388,188,12,"Excellent"),(2389,189,12,"Good"),(2390,190,12,"Good"),(2391,191,12,"Unclean"),(2392,192,12,"Excellent"),(2393,193,12,"Good"),(2394,194,12,"Poor"),(2395,195,12,"Unclean"),(2396,196,12,"Good"),(2397,197,12,"Good"),(2398,198,12,"Good"),(2399,199,12,"Excellent"),(2400,200,12,"Very Good");

INSERT INTO frs_PaymentStatus(pstatusid, pdescription) values 

(1,"Received"),(2,"Approved"),(3,"Pending");

INSERT INTO frs_PaymentType(ptid, ptdescription) values

(1,	'Cash'),
(2,	'Cheque'),
(3,	'Debit Card'),
(4,	'Credit Card');

INSERT INTO frs_Payment
(payid, amount, paydatetime, 			empnin, 	custid, pstatusid, ptid) values

(101,	"3.99",		"2015-10-26 16:26:15",	"NIN001",	1,	1,	1),
(95,	"15.96",	"2015-09-24 16:26:15",	"NIN001",	1,	1,	1),
(102,	"3.99",		"2015-10-11 13:25:31",	"NIN003",	2,	1,	1),
(11,	"11.97",	"2015-06-12 19:37:59",	"NIN010",	3,	1,	1),
(7,	"11.97",	"2015-04-11 12:41:28",	"NIN010",	3,	2,	4),
(8,	"7.98",		"2015-05-05 22:49:02",	"NIN010",	3,	1,	1),
(32,	"15.96",	"2015-07-19 02:26:49",	"NIN024",	5,	2,	4),
(83,	"7.98",		"2015-08-20 16:21:08",	"NIN011",	5,	2,	4),
(6,	"15.96",	"2015-03-04 10:51:03",	"NIN027",	6,	2,	4),
(17,	"3.99",		"2015-10-03 01:06:15",	"NIN028",	6,	1,	1),
(39,	"11.19",	"2015-03-24 20:03:05",	"NIN027",	6,	1,	1),
(103,	"3.99",		"2015-10-27 14:45:11",	"NIN009",	7,	1,	1),
(62,	"15.96",	"2015-10-12 14:23:23",	"NIN001",	8,	1,	1),
(14,	"3.99",		"2015-10-27 17:23:08",	"NIN023",	11,	3,	2),
(31,	"19.95",	"2015-10-31 12:41:28",	"NIN029",	11,	2,	3),
(3,	"11.97",	"2015-11-01 12:41:28",	"NIN020",	12,	2,	3),
(78,	"15.96",	"2015-04-16 07:35:13",	"NIN030",	13,	2,	3),
(19,	"15.96",	"2015-07-17 04:58:30",	"NIN022",	13,	1,	1),
(91,	"7.98",		"2015-05-18 19:08:45",	"NIN007",	13,	2,	4),
(71,	"7.98",		"2015-09-13 03:08:48",	"NIN007",	14,	3,	2),
(40,	"11.97",	"2015-08-24 12:41:28",	"NIN030",	14,	1,	1),
(65,	"19.95",	"2015-07-16 19:08:00",	"NIN007",	14,	2,	4),
(22,	"15.96",	"2015-02-08 18:06:24",	"NIN006",	15,	1,	1),
(87,	"11.97",	"2015-06-30 12:41:28",	"NIN025",	15,	1,	1),
(1,	"11.97",	"2015-07-17 10:34:23",	"NIN006",	15,	2,	4),
(24,	"15.96",	"2015-01-19 00:36:21",	"NIN028",	16,	1,	1),
(61,	"15.96",	"2015-01-03 06:52:55",	"NIN029",	16,	1,	1),
(44,	"11.97",	"2015-02-09 03:32:53",	"NIN027",	16,	1,	1),
(33,	"7.98",		"2015-10-10 12:38:16",	"NIN006",	17,	1,	1),
(88,	"7.98",		"2015-01-15 06:31:47",	"NIN006",	17,	1,	1),
(92,	"15.96",	"2015-10-31 12:41:28",	"NIN021",	20,	2,	3),
(85,	"11.97",	"2015-05-21 12:41:28",	"NIN028",	21,	1,	1),
(90,	"11.97",	"2015-04-01 12:41:28",	"NIN014",	23,	1,	1),
(73,	"11.97",	"2015-06-28 21:44:43",	"NIN031",	24,	3,	2),
(57,	"11.97",	"2015-04-26 18:20:05",	"NIN009",	25,	1,	1),
(97,	"15.96",	"2015-05-21 12:41:28",	"NIN020",	26,	1,	1),
(74,	"11.97",	"2015-03-24 21:29:27",	"NIN005",	27,	1,	1), 
(30,	"3.99",		"2015-02-21 00:42:31",	"NIN014",	27,	1,	1),
(34,	"15.96",	"2015-06-08 09:56:31",	"NIN031",	28,	1,	1),
(5,	"11.97",	"2015-05-31 12:41:28",	"NIN019",	29,	1,	1),
(38,	"19.95",	"2015-07-31 12:41:28",	"NIN003",	29,	1,	1),
(55,	"11.97",	"2015-04-05 02:58:11",	"NIN008",	30,	2,	3),
(47,	"7.98",		"2015-08-15 13:47:28",	"NIN031",	32,	1,	1),
(15,	"11.97",	"2015-10-31 12:41:28",	"NIN005",	34,	3,	2),
(4,	"7.98",		"2015-10-31 10:36:27",	"NIN024",	36,	1,	1),
(36,	"11.97",	"2015-03-21 01:44:17",	"NIN031",	39,	2,	3),
(68,	"7.98",		"2015-09-11 12:41:28",	"NIN023",	39,	1,	1),
(18,	"3.99",		"2015-08-03 12:41:28",	"NIN020",	41,	1,	1),
(16,	"3.99",		"2015-01-05 12:41:28",	"NIN006",	42,	2,	4),
(89,	"15.96",	"2015-10-18 03:32:57",	"NIN006",	42,	2,	3),
(64,	"7.98",		"2015-02-01 12:41:28",	"NIN025",	42,	1,	1),
(45,	"15.96",	"2015-08-20 10:52:06",	"NIN020",	43,	1,	1),
(79,	"7.98",		"2015-10-16 19:12:35",	"NIN021",	44,	1,	1), 
(66,	"11.97",	"2015-02-04 18:34:28",	"NIN004",	46,	1,	1), 
(37,	"15.96",	"2015-03-01 12:41:28",	"NIN002",	47,	2,	4),
(46,	"11.97",	"2015-06-20 04:49:51",	"NIN019",	52,	2,	4),
(53,	"7.98",		"2015-05-20 20:56:44",	"NIN020",	52,	1,	1),
(98,	"15.96",	"2015-08-20 03:56:02",	"NIN003",	52,	1,	1),
(81,	"7.98",		"2015-01-16 05:29:25",	"NIN025",	53,	2,	2),
(75,	"15.96",	"2015-04-05 12:41:28",	"NIN001",	54,	3,	2), 
(12,	"15.96",	"2015-07-21 15:01:56",	"NIN001",	54,	1,	1),
(43,	"15.96",	"2015-09-09 12:41:28",	"NIN023",	55,	1,	1),
(63,	"15.96",	"2015-03-29 12:41:28",	"NIN008",	55,	1,	1),
(93,	"11.97",	"2015-09-27 22:07:27",	"NIN024",	57,	2,	4),
(42,	"19.95",	"2015-03-01 18:51:33",	"NIN012",	58,	1,	1),
(20,	"15.96",	"2015-02-17 14:42:32",	"NIN025",	59,	1,	1),
(25,	"15.96",	"2015-06-01 02:39:25",	"NIN010",	60,	2,	4),
(52,	"3.99",		"2015-07-21 21:48:48",	"NIN027",	60,	1,	1),
(82,	"7.98",		"2015-10-15 18:19:47",	"NIN031",	61,	1,	1),
(10,	"19.95",	"2015-08-19 12:41:28",	"NIN026",	65,	1,	1),
(9,	"19.95",	"2015-09-14 12:41:28",	"NIN012",	66,	1,	1),
(51,	"11.97",	"2015-06-15 14:42:14",	"NIN016",	66,	1,	1),
(58,	"19.95",	"2015-07-01 12:41:28",	"NIN017",	66,	1,	1),
(56,	"19.95",	"2015-11-01 05:40:16",	"NIN010",	67,	1,	1),
(2,	"11.97",	"2015-04-19 12:41:28",	"NIN031",	70,	1,	1),
(100,	"11.97",	"2015-10-11 16:45:31",	"NIN018",	71,	1,	1),
(21,	"7.98",		"2015-01-31 09:04:36",	"NIN015",	72,	2,	3),
(86,	"11.97",	"2015-03-31 12:41:28",	"NIN014",	72,	1,	1),
(49,	"11.97",	"2015-05-14 12:41:28",	"NIN028",	75,	1,	1),
(50,	"11.97",	"2015-08-11 12:41:28",	"NIN022",	76,	1,	1),
(94,	"3.99",		"2015-10-13 13:19:06",	"NIN026",	78,	1,	1),
(70,	"15.96",	"2015-09-23 08:15:44",	"NIN019",	79,	1,	1), 
(23,	"15.96",	"2015-02-17 12:41:28",	"NIN009",	80,	1,	1),
(13,	"7.98",		"2015-07-06 03:08:06",	"NIN029",	81,	1,	1),
(54,	"7.98",		"2015-01-24 00:56:58",	"NIN011",	83,	2,	4), 
(35,	"15.96",	"2015-06-19 09:50:06",	"NIN031",	85,	1,	1),
(84,	"15.96",	"2015-03-30 14:12:05",	"NIN008",	85,	1,	1), 
(48,	"19.95",	"2015-06-23 14:19:07",	"NIN008",	86,	1,	1),
(41,	"7.98",		"2015-09-18 16:11:34",	"NIN021",	87,	1,	1),
(28,	"15.96",	"2015-01-03 23:50:37",	"NIN028",	89,	1,	1),
(72,	"11.97",	"2015-04-18 04:23:27",	"NIN001",	90,	2,	3),
(26,	"15.96",	"2015-05-22 12:41:28",	"NIN001",	90,	1,	1),
(67,	"11.97",	"2015-01-12 16:00:44",	"NIN008",	91,	1,	1),
(77,	"15.96",	"2015-07-31 12:41:28",	"NIN010",	93,	2,	4),
(29,	"11.97",	"2015-01-24 13:51:36",	"NIN019",	94,	1,	1),
(27,	"11.97",	"2015-02-20 10:10:58",	"NIN015",	95,	1,	1),
(96,	"11.97",	"2015-02-10 20:15:51",	"NIN016",	96,	1,	1), 
(59,	"7.98",		"2015-06-18 22:16:01",	"NIN009",	97,	2,	4),
(80,	"7.98",		"2015-08-20 18:30:32",	"NIN002",	98,	2,	3),
(60,	"15.96",	"2015-07-07 09:50:03",	"NIN020",	99,	2,	4),
(69,	"3.99",		"2015-09-11 12:41:28",	"NIN019",	99,	2,	4),
(76,	"11.97",	"2015-06-28 05:37:05",	"NIN003",	100,	3,	2),
(99,	"7.98",		"2015-02-11 12:41:28",	"NIN003",	100,	1,	1);

INSERT INTO frs_RentalStatus(rstatusid, rdescription) values

(1,	'Rented Out'),
(2,	'Returned'),
(3,	'Late');

SET foreign_key_checks = 0;
INSERT INTO frs_FilmRental
(dvdid, filmid,	shopid,	retdatetime, 		duedate, 	overduecharge, 	empnin, custid,	rentalrate, payid,rstatusid) values 

(1058,	58,	6,	"2015-07-24 12:41:28",	"2015-07-24",	"0.00",	"NIN025",	15,	"3.99",	1,	2),
(1059,	59,	6,	"2015-07-24 12:41:29",	"2015-07-24",	"0.00",	"NIN025",	15,	"3.99",	1,	2),
(1060,	60,	6,	"2015-07-24 12:41:30",	"2015-07-24",	"0.00",	"NIN025",	15,	"3.99",	1,	2),
(1458,	58,	8,	"2015-04-26 12:41:28",	"2015-04-26",	"0.00",	"NIN023",	70,	"3.99",	2,	2),
(1459,	59,	8,	"2015-04-26 12:41:29",	"2015-04-26",	"0.00",	"NIN023",	70,	"3.99",	2,	2),
(1460,	60,	8,	"2015-04-26 12:41:30",	"2015-04-26",	"0.00",	"NIN023",	70,	"3.99",	2,	2),
(447,		47,	3,	"2015-11-07 13:42:35",	"2015-11-08",	"0.00",	"NIN020",	12,	"3.99",	3,	2),
(448,		48,	3,	"2015-11-07 13:42:36",	"2015-11-08",	"0.00",	"NIN020",	12,	"3.99",	3,	2),
(449,		49,	3,	"2015-11-07 13:42:37",	"2015-11-08",	"0.00",	"NIN020",	12,	"3.99",	3,	2),
(2048,	48,	11,	"2015-11-07 13:42:36",	"2015-11-07",	"0.00",	"NIN011",	36,	"3.99",	4,	2),
(2049,	49,	11,	"2015-11-07 13:42:37",	"2015-11-07",	"0.00",	"NIN011",	36,	"3.99",	4,	2),
(550,		150,	3,	"2015-06-07 12:41:28",	"2015-05-31",	"0.00",	"NIN019",	29,	"3.99",	5,	2),
(551,		151,	3,	"2015-06-07 12:41:29",	"2015-05-31",	"0.00",	"NIN019",	29,	"3.99",	5,	2),
(552,		152,	3,	"2015-06-07 12:41:30",	"2015-05-31",	"0.00",	"NIN019",	29,	"3.99",	5,	2),
(1813,	13,	10,	"2015-03-11 16:00:44",	"2015-03-11",	"0.00",	"NIN027",	6,	"3.99",	6,	2),
(1814,	14,	10,	"2015-03-11 16:00:45",	"2015-03-11",	"0.00",	"NIN027",	6,	"3.99",	6,	2),
(1824,	24,	10,	"2015-03-11 16:00:46",	"2015-03-11",	"0.00",	"NIN027",	6,	"3.99",	6,	2),
(1825,	25,	10,	"2015-03-11 16:00:47",	"2015-03-11",	"0.00",	"NIN027",	6,	"3.99",	6,	2),
(1807,	7,	10,	"2015-04-11 16:00:48",	"2015-04-11",	"0.00",	"NIN027",	3,	"3.99",	7,	2),
(1808,	8,	10,	"2015-04-11 16:00:49",	"2015-04-11",	"0.00",	"NIN027",	3,	"3.99",	7,	2),
(1809,	9,	10,	"2015-04-11 16:00:50",	"2015-04-11",	"0.00",	"NIN027",	3,	"3.99",	7,	2),
(1810,	10,	10,	"2015-05-12 16:00:51",	"2015-05-12",	"0.00",	"NIN027",	3,	"3.99",	8,	2),
(1811,	11,	10,	"2015-05-12 16:00:52",	"2015-05-12",	"0.00",	"NIN027",	3,	"3.99",	8,	2),
(2364,	164,	12,	"2015-09-21 12:41:28",	"2015-09-21",	"0.00",	"NIN016",	66,	"3.99",	9,	2),
(2365,	165,	12,	"2015-09-21 12:41:27",	"2015-09-21",	"0.00",	"NIN016",	66,	"3.99",	9,	2),
(2366,	166,	12,	"2015-09-21 12:41:26",	"2015-09-21",	"0.00",	"NIN016",	66,	"3.99",	9,	2),
(2367,	167,	12,	"2015-09-21 12:41:25",	"2015-09-21",	"0.00",	"NIN016",	66,	"3.99",	9,	2),
(2368,	168,	12,	"2015-09-21 12:41:24",	"2015-09-21",	"0.00",	"NIN016",	66,	"3.99",	9,	2),
(1752,	152,	9,	"2015-08-26 12:41:29",	"2015-08-26",	"0.00",	"NIN009",	65,	"3.99",	10,	2),
(1753,	153,	9,	"2015-08-26 12:41:30",	"2015-08-27",	"0.00",	"NIN009",	65,	"3.99",	10,	2),
(1754,	154,	9,	"2015-08-26 12:41:31",	"2015-08-28",	"0.00",	"NIN009",	65,	"3.99",	10,	2),
(1755,	155,	9,	"2015-08-26 12:41:32",	"2015-08-29",	"0.00",	"NIN009",	65,	"3.99",	10,	2),
(1756,	156,	9,	"2015-08-26 12:41:33",	"2015-08-30",	"0.00",	"NIN009",	65,	"3.99",	10,	2),
(1812,	12,	10,	"2015-06-11 16:00:44",	"2015-06-11",	"0.00",	"NIN027",	3,	"3.99",	11,	2),
(1813,	13,	10,	"2015-06-12 16:00:45",	"2015-06-12",	"0.00",	"NIN027",	3,	"3.99",	11,	2),
(1814,	14,	10,	"2015-06-12 16:00:46",	"2015-06-12",	"0.00",	"NIN027",	3,	"3.99",	11,	2),
(177,		177,	1,	"2015-07-24 15:01:55",	"2015-07-28",	"0.00",	"NIN001",	54,	"3.99",	12,	2),
(178,		178,	1,	"2015-07-24 15:01:56",	"2015-07-28",	"0.00",	"NIN001",	54,	"3.99",	12,	2),
(179,		179,	1,	"2015-07-24 15:01:57",	"2015-07-28",	"0.00",	"NIN001",	54,	"3.99",	12,	2),
(180,		180,	1,	"2015-07-24 15:01:58",	"2015-07-28",	"0.00",	"NIN001",	54,	"3.99",	12,	2),
(1870,	70,	10,	"2015-07-13 03:08:06",	"2015-07-13",	"0.00",	"NIN028",	81,	"3.99",	13,	2),
(1871,	71,	10,	"2015-07-13 03:08:07",	"2015-07-13",	"0.00",	"NIN028",	81,	"3.99",	13,	2),
(1429,	29,	8,	"2015-06-15 17:23:08",	"2015-06-15",	"0.00",	"NIN008",	11,	"3.99",	14,	2),
(931,		131,	5,	"0000-00-00 00:00:00",	"2015-11-07",	"0.00",	"NIN005",	34,	"3.99",	15,	1),
(932,		132,	5,	"0000-00-00 00:00:00",	"2015-11-07",	"0.00",	"NIN005",	34,	"3.99",	15,	1),
(933,		133,	5,	"0000-00-00 00:00:00",	"2015-11-07",	"0.00",	"NIN005",	34,	"3.99",	15,	1),
(1159,	159,	6,	"2015-01-12 12:41:28",	"2015-01-12",	"0.00",	"NIN025",	42,	"3.99",	16,	2),
(1802,	2,	10,	"2015-10-10 16:00:44",	"2015-10-10",	"0.00",	"NIN029",	6,	"3.99",	17,	2),
(560,		160,	3,	"2015-08-08 12:40:28",	"2015-08-10",	"0.00",	"NIN003",	41,	"3.99",	18,	2),
(1221,	21,	7,	"2015-07-24 14:45:28",	"2015-07-24",	"0.00",	"NIN022",	13,	"3.99",	19,	2),
(1222,	22,	7,	"2015-07-24 14:45:29",	"2015-07-24",	"0.00",	"NIN022",	13,	"3.99",	19,	2),
(1223,	23,	7,	"2015-07-24 14:45:30",	"2015-07-24",	"0.00",	"NIN022",	13,	"3.99",	19,	2),
(1224,	24,	7,	"2015-07-24 14:45:31",	"2015-07-24",	"0.00",	"NIN022",	13,	"3.99",	19,	2),
(1151,	151,	6,	"2015-02-24 14:42:32",	"2015-02-24",	"0.00",	"NIN006",	59,	"3.99",	20,	2),
(1152,	152,	6,	"2015-02-24 14:42:33",	"2015-02-24",	"0.00",	"NIN006",	59,	"3.99",	20,	2),
(1153,	153,	6,	"2015-02-24 14:42:34",	"2015-02-24",	"0.00",	"NIN006",	59,	"3.99",	20,	2),
(1154,	154,	6,	"2015-02-24 14:42:35",	"2015-02-24",	"0.00",	"NIN006",	59,	"3.99",	20,	2),
(900,		100,	5,	"2015-02-07 09:04:36",	"2015-02-07",	"0.00",	"NIN015",	72,	"3.99",	21,	2),
(901,		101,	5,	"2015-02-07 09:04:36",	"2015-02-07",	"0.00",	"NIN015",	72,	"3.99",	21,	2),
(1028,	28,	6,	"2015-02-15 18:06:24",	"2015-02-15",	"0.00",	"NIN006",	15,	"3.99",	22,	2),
(1029,	29,	6,	"2015-02-15 18:06:25",	"2015-02-15",	"0.00",	"NIN006",	15,	"3.99",	22,	2),
(1030,	30,	6,	"2015-02-15 18:06:26",	"2015-02-15",	"0.00",	"NIN006",	15,	"3.99",	22,	2),
(1031,	31,	6,	"2015-02-15 18:06:27",	"2015-02-15",	"0.00",	"NIN006",	15,	"3.99",	22,	2),
(1752,	152,	9,	"2015-02-24 12:41:28",	"2015-02-24",	"0.00",	"NIN026",	80,	"3.99",	23,	2),
(1753,	153,	9,	"2015-02-24 12:41:27",	"2015-02-24",	"0.00",	"NIN026",	80,	"3.99",	23,	2),
(1754,	154,	9,	"2015-02-24 12:41:26",	"2015-02-24",	"0.00",	"NIN026",	80,	"3.99",	23,	2),
(1755,	155,	9,	"2015-02-24 12:41:25",	"2015-02-24",	"0.00",	"NIN026",	80,	"3.99",	23,	2),
(1827,	27,	10,	"2015-01-26 00:36:21",	"2015-01-26",	"0.00",	"NIN010",	16,	"3.99",	24,	2),
(1828,	28,	10,	"2015-01-26 00:36:22",	"2015-01-26",	"0.00",	"NIN010",	16,	"3.99",	24,	2),
(1829,	29,	10,	"2015-01-26 00:36:23",	"2015-01-26",	"0.00",	"NIN010",	16,	"3.99",	24,	2),
(1830,	30,	10,	"2015-01-26 00:36:24",	"2015-01-26",	"0.00",	"NIN010",	16,	"3.99",	24,	2),
(1966,	166,	10,	"2015-06-08 02:39:25",	"2015-06-06",	"0.00",	"NIN028",	60,	"3.99",	25,	2),
(1967,	167,	10,	"2015-06-08 02:39:26",	"2015-06-06",	"0.00",	"NIN028",	60,	"3.99",	25,	2),
(1968,	168,	10,	"2015-06-08 02:39:27",	"2015-06-06",	"0.00",	"NIN028",	60,	"3.99",	25,	2),
(1969,	169,	10,	"2015-06-08 02:39:28",	"2015-06-06",	"0.00",	"NIN028",	60,	"3.99",	25,	2),
(91,		91,	1,	"2015-05-29 12:41:28",	"2015-05-29",	"0.00",	"NIN001",	90,	"3.99",	26,	2),
(92,		92,	1,	"2015-05-29 12:41:29",	"2015-05-29",	"0.00",	"NIN001",	90,	"3.99",	26,	2),
(93,		93,	1,	"2015-05-29 12:41:30",	"2015-05-29",	"0.00",	"NIN001",	90,	"3.99",	26,	2),
(94,		94,	1,	"2015-05-29 12:41:31",	"2015-05-29",	"0.00",	"NIN001",	90,	"3.99",	26,	2),
(860,		60,	5,	"2015-02-28 10:10:58",	"2015-02-27",	"1.00",	"NIN014",	95,	"3.99",	27,	2),
(861,		61,	5,	"2015-02-28 10:10:57",	"2015-02-27",	"1.00",	"NIN014",	95,	"3.99",	27,	2),
(862,		62,	5,	"2015-02-28 10:10:56",	"2015-02-27",	"1.00",	"NIN014",	95,	"3.99",	27,	2),
(1986,	186,	10,	"2015-01-10 13:51:36",	"2015-01-10",	"0.00",	"NIN028",	89,	"3.99",	28,	2),
(1987,	187,	10,	"2015-01-10 13:51:37",	"2015-01-10",	"0.00",	"NIN028",	89,	"3.99",	28,	2),
(1988,	188,	10,	"2015-01-10 13:51:38",	"2015-01-10",	"0.00",	"NIN028",	89,	"3.99",	28,	2),
(1989,	189,	10,	"2015-01-10 13:51:39",	"2015-01-10",	"0.00",	"NIN028",	89,	"3.99",	28,	2),
(540,		140,	3,	"2015-01-31 13:51:36",	"2015-01-31",	"0.00",	"NIN019",	94,	"3.99",	29,	2),
(541,		141,	3,	"2015-01-31 13:51:37",	"2015-01-31",	"0.00",	"NIN019",	94,	"3.99",	29,	2),
(542,		142,	3,	"2015-01-31 13:51:38",	"2015-01-31",	"0.00",	"NIN019",	94,	"3.99",	29,	2),
(882,		82,	5,	"2015-02-27 12:41:28",	"2015-02-28",	"0.00",	"NIN005",	27,	"3.99",	30,	2),
(1444,	44,	8,	"0000-00-00 00:00:00",	"2015-11-07",	"0.00",	"NIN031",	11,	"3.99",	31,	1),
(1445,	45,	8,	"0000-00-00 00:00:00",	"2015-11-07",	"0.00",	"NIN031",	11,	"3.99",	31,	1),
(1446,	46,	8,	"0000-00-00 00:00:00",	"2015-11-07",	"0.00",	"NIN031",	11,	"3.99",	31,	1),
(1447,	47,	8,	"0000-00-00 00:00:00",	"2015-11-07",	"0.00",	"NIN031",	11,	"3.99",	31,	1),
(1448,	48,	8,	"0000-00-00 00:00:00",	"2015-11-07",	"0.00",	"NIN031",	11,	"3.99",	31,	1),
(2011,	11,	11,	"2015-05-12 16:00:44",	"2015-07-26",	"0.00",	"NIN024",	5,	"3.99",	32,	2),
(2012,	12,	11,	"2015-07-26 16:00:45",	"2015-07-26",	"0.00",	"NIN024",	5,	"3.99",	32,	2),
(2013,	13,	11,	"2015-07-26 16:00:46",	"2015-07-26",	"0.00",	"NIN024",	5,	"3.99",	32,	2),
(2014,	14,	11,	"2015-07-26 16:00:47",	"2015-07-26",	"0.00",	"NIN024",	5,	"3.99",	32,	2),
(1067,	67,	6,	"2015-10-15 12:38:16",	"2015-10-17",	"0.00",	"NIN006",	17,	"3.99",	33,	2),
(1068,	68,	6,	"2015-10-15 12:38:17",	"2015-10-17",	"0.00",	"NIN006",	17,	"3.99",	33,	2),
(1432,	32,	8,	"2015-06-15 09:56:31",	"2015-06-15",	"0.00",	"NIN008",	28,	"3.99",	34,	2),
(1433,	33,	8,	"2015-06-15 09:56:32",	"2015-06-15",	"0.00",	"NIN008",	28,	"3.99",	34,	2),
(1434,	34,	8,	"2015-06-15 09:56:33",	"2015-06-15",	"0.00",	"NIN008",	28,	"3.99",	34,	2),
(1435,	35,	8,	"2015-06-15 09:56:34",	"2015-06-15",	"0.00",	"NIN008",	28,	"3.99",	34,	2),
(1466,	66,	8,	"2015-06-26 09:50:06",	"2015-06-26",	"0.00",	"NIN031",	85,	"3.99",	35,	2),
(1467,	67,	8,	"2015-06-27 09:50:07",	"2015-06-26",	"0.00",	"NIN031",	85,	"3.99",	35,	2),
(1468,	68,	8,	"2015-06-28 09:50:08",	"2015-06-26",	"0.00",	"NIN031",	85,	"3.99",	35,	2),
(1469,	69,	8,	"2015-06-29 09:50:09",	"2015-06-26",	"0.00",	"NIN031",	85,	"3.99",	35,	2),
(1528,	128,	8,	"2015-03-28 01:44:17",	"2015-03-28",	"0.00",	"NIN031",	39,	"3.99",	36,	2),
(1529,	129,	8,	"2015-03-28 01:44:18",	"2015-03-28",	"0.00",	"NIN031",	39,	"3.99",	36,	2),
(1530,	130,	8,	"2015-03-28 01:44:19",	"2015-03-28",	"0.00",	"NIN031",	39,	"3.99",	36,	2),
(372,		172,	2,	"2015-08-03 12:41:28",	"2015-08-03",	"0.00",	"NIN002",	47,	"3.99",	37,	2),
(373,		173,	2,	"2015-08-03 12:41:29",	"2015-08-03",	"0.00",	"NIN002",	47,	"3.99",	37,	2),
(374,		174,	2,	"2015-08-03 12:41:27",	"2015-08-03",	"0.00",	"NIN002",	47,	"3.99",	37,	2),
(375,		175,	2,	"2015-08-03 12:41:26",	"2015-08-03",	"0.00",	"NIN002",	47,	"3.99",	37,	2),
(515,		115,	3,	"2015-08-07 12:41:25",	"2015-08-07",	"0.00",	"NIN019",	29,	"3.99",	38,	2),
(516,		116,	3,	"2015-08-07 12:41:24",	"2015-08-07",	"0.00",	"NIN019",	29,	"3.99",	38,	2),
(517,		117,	3,	"2015-08-07 12:41:23",	"2015-08-07",	"0.00",	"NIN019",	29,	"3.99",	38,	2),
(518,		118,	3,	"2015-08-07 12:41:22",	"2015-08-07",	"0.00",	"NIN019",	29,	"3.99",	38,	2),
(519,		119,	3,	"2015-08-07 12:41:21",	"2015-08-07",	"0.00",	"NIN019",	29,	"3.99",	38,	2),
(1821,	21,	10,	"2015-03-31 20:03:05",	"2015-03-31",	"0.00",	"NIN029",	6,	"3.99",	39,	2),
(1822,	22,	10,	"2015-03-31 20:03:06",	"2015-03-31",	"0.00",	"NIN029",	6,	"3.99",	39,	2),
(1823,	23,	10,	"2015-03-31 20:03:07",	"2015-03-31",	"0.00",	"NIN029",	6,	"3.99",	39,	2),
(1271,	71,	7,	"2015-08-31 12:41:28",	"2015-08-31",	"0.00",	"NIN030",	14,	"3.99",	40,	2),
(1272,	72,	7,	"2015-08-31 12:41:27",	"2015-08-31",	"0.00",	"NIN030",	14,	"3.99",	40,	2),
(1273,	73,	7,	"2015-08-31 12:41:26",	"2015-08-31",	"0.00",	"NIN030",	14,	"3.99",	40,	2),
(615,		15,	4,	"2015-09-25 16:11:34",	"2015-09-25",	"0.00",	"NIN004",	87,	"3.99",	41,	2),
(616,		16,	4,	"2015-09-25 16:11:35",	"2015-09-25",	"0.00",	"NIN004",	87,	"3.99",	41,	2),
(2400,	200,	12,	"2015-03-09 18:51:33",	"2015-03-08",	"1.00",	"NIN012",	58,	"3.99",	42,	2),
(2399,	199,	12,	"2015-03-09 18:51:34",	"2015-03-08",	"1.00",	"NIN012",	58,	"3.99",	42,	2),
(2388,	188,	12,	"2015-03-09 18:51:35",	"2015-03-08",	"1.00",	"NIN012",	58,	"3.99",	42,	2),
(2387,	187,	12,	"2015-03-09 18:51:36",	"2015-03-08",	"1.00",	"NIN012",	58,	"3.99",	42,	2),
(2186,	186,	12,	"2015-03-09 18:51:37",	"2015-03-08",	"1.00",	"NIN012",	58,	"3.99",	42,	2),
(1592,	192,	8,	"2015-09-16 12:41:28",	"2015-09-16",	"0.00",	"NIN023",	55,	"3.99",	43,	2),
(1593,	193,	8,	"2015-09-16 12:41:27",	"2015-09-16",	"0.00",	"NIN023",	55,	"3.99",	43,	2),
(1594,	194,	8,	"2015-09-16 12:41:26",	"2015-09-16",	"0.00",	"NIN023",	55,	"3.99",	43,	2),
(1595,	195,	8,	"2015-09-16 12:41:25",	"2015-09-16",	"0.00",	"NIN023",	55,	"3.99",	43,	2),
(1866,	66,	10,	"2015-02-16 03:32:53",	"2015-02-16",	"0.00",	"NIN028",	16,	"3.99",	44,	2),
(1867,	67,	10,	"2015-02-16 03:32:54",	"2015-02-16",	"0.00",	"NIN028",	16,	"3.99",	44,	2),
(1868,	68,	10,	"2015-02-16 03:32:55",	"2015-02-16",	"0.00",	"NIN028",	16,	"3.99",	44,	2),
(486,		86,	3,	"2015-08-28 10:52:06",	"2015-08-27",	"1.00",	"NIN003",	43,	"3.99",	45,	2),
(487,		87,	3,	"2015-08-28 10:52:07",	"2015-08-27",	"1.00",	"NIN003",	43,	"3.99",	45,	2),
(488,		88,	3,	"2015-08-28 10:52:08",	"2015-08-27",	"1.00",	"NIN003",	43,	"3.99",	45,	2),
(489,		89,	3,	"2015-08-28 10:52:09",	"2015-08-27",	"1.00",	"NIN003",	43,	"3.99",	45,	2),
(516,		116,	3,	"2015-06-27 04:49:51",	"2015-06-27",	"0.00",	"NIN019",	52,	"3.99",	46,	2),
(517,		117,	3,	"2015-06-27 04:49:52",	"2015-06-27",	"0.00",	"NIN019",	52,	"3.99",	46,	2),
(518,		118,	3,	"2015-06-27 04:49:53",	"2015-06-27",	"0.00",	"NIN019",	52,	"3.99",	46,	2),
(1436,	36,	8,	"2015-08-22 13:47:28",	"2015-08-22",	"0.00",	"NIN031",	32,	"3.99",	47,	2),
(1437,	37,	8,	"2015-08-22 13:47:29",	"2015-08-22",	"0.00",	"NIN031",	32,	"3.99",	47,	2),
(1570,	170,	8,	"2015-06-30 14:19:07",	"2015-06-30",	"0.00",	"NIN008",	86,	"3.99",	48,	2),
(1571,	171,	8,	"2015-06-30 14:19:08",	"2015-06-30",	"0.00",	"NIN008",	86,	"3.99",	48,	2),
(1572,	172,	8,	"2015-06-30 14:19:09",	"2015-06-30",	"0.00",	"NIN008",	86,	"3.99",	48,	2),
(1573,	173,	8,	"2015-06-30 14:19:10",	"2015-06-30",	"0.00",	"NIN008",	86,	"3.99",	48,	2),
(1574,	174,	8,	"2015-06-30 14:19:11",	"2015-06-30",	"0.00",	"NIN008",	86,	"3.99",	48,	2),
(1944,	144,	10,	"2015-05-21 12:41:28",	"2015-05-21",	"0.00",	"NIN029",	75,	"3.99",	49,	2),
(1945,	145,	10,	"2015-05-21 12:41:27",	"2015-05-21",	"0.00",	"NIN029",	75,	"3.99",	49,	2),
(1946,	146,	10,	"2015-05-21 12:41:26",	"2015-05-21",	"0.00",	"NIN029",	75,	"3.99",	49,	2),
(1250,	50,	7,	"2015-08-18 12:41:29",	"2015-08-18",	"0.00",	"NIN022",	76,	"3.99",	50,	2),
(1251,	51,	7,	"2015-08-18 12:41:30",	"2015-08-18",	"0.00",	"NIN022",	76,	"3.99",	50,	2),
(1252,	52,	7,	"2015-08-18 12:41:31",	"2015-08-18",	"0.00",	"NIN022",	76,	"3.99",	50,	2),
(2306,	106,	12,	"2015-06-22 14:42:14",	"2015-06-22",	"0.00",	"NIN016",	66,	"3.99",	51,	2),
(2307,	107,	12,	"2015-06-22 14:42:15",	"2015-06-22",	"0.00",	"NIN016",	66,	"3.99",	51,	2),
(2308,	108,	12,	"2015-06-22 14:42:16",	"2015-06-22",	"0.00",	"NIN016",	66,	"3.99",	51,	2),
(1940,	140,	10,	"2015-07-28 21:48:48",	"2015-07-28",	"0.00",	"NIN029",	60,	"3.99",	52,	2),
(552,		152,	3,	"2015-05-27 20:56:44",	"2015-05-27",	"0.00",	"NIN015",	52,	"3.99",	53,	2),
(553,		153,	3,	"2015-05-27 20:56:45",	"2015-05-27",	"0.00",	"NIN015",	52,	"3.99",	53,	2),
(2128,	128,	11,	"2015-01-31 00:56:58",	"2015-01-31",	"0.00",	"NIN024",	83,	"3.99",	54,	2),
(2129,	129,	11,	"2015-01-31 00:56:59",	"2015-01-31",	"0.00",	"NIN024",	83,	"3.99",	54,	2),
(1509,	109,	8,	"2015-04-12 02:58:11",	"2015-04-12",	"0.00",	"NIN008",	30,	"3.99",	55,	2),
(1510,	110,	8,	"2015-04-12 02:58:12",	"2015-04-12",	"0.00",	"NIN008",	30,	"3.99",	55,	2),
(1511,	111,	8,	"2015-04-12 02:58:13",	"2015-04-12",	"0.00",	"NIN008",	30,	"3.99",	55,	2),
(1512,	112,	8,	"2015-04-12 02:58:14",	"2015-04-12",	"0.00",	"NIN008",	30,	"3.99",	55,	2),
(1993,	193,	10,	"0000-00-00 00:00:00",	"2015-11-08",	"0.00",	"NIN010",	67,	"3.99",	56,	1),
(1994,	194,	10,	"0000-00-00 00:00:00",	"2015-11-08",	"0.00",	"NIN010",	67,	"3.99",	56,	1),
(1995,	195,	10,	"0000-00-00 00:00:00",	"2015-11-08",	"0.00",	"NIN010",	67,	"3.99",	56,	1),
(1996,	196,	10,	"0000-00-00 00:00:00",	"2015-11-08",	"0.00",	"NIN010",	67,	"3.99",	56,	1),
(1997,	197,	10,	"0000-00-00 00:00:00",	"2015-11-08",	"0.00",	"NIN010",	67,	"3.99",	56,	1),
(1632,	32,	9,	"2015-05-03 18:20:05",	"2015-05-03",	"0.00",	"NIN013",	25,	"3.99",	57,	2),
(1633,	33,	9,	"2015-05-03 18:20:06",	"2015-05-03",	"0.00",	"NIN013",	25,	"3.99",	57,	2),
(1634,	34,	9,	"2015-05-03 18:20:07",	"2015-05-03",	"0.00",	"NIN013",	25,	"3.99",	57,	2),
(2354,	154,	12,	"2015-07-08 12:41:28",	"2015-07-08",	"0.00",	"NIN017",	66,	"3.99",	58,	2),
(2355,	155,	12,	"2015-07-08 12:41:27",	"2015-07-08",	"0.00",	"NIN017",	66,	"3.99",	58,	2),
(2356,	156,	12,	"2015-07-08 12:41:26",	"2015-07-08",	"0.00",	"NIN017",	66,	"3.99",	58,	2),
(2357,	157,	12,	"2015-07-08 12:41:25",	"2015-07-08",	"0.00",	"NIN017",	66,	"3.99",	58,	2),
(2358,	158,	12,	"2015-07-08 12:41:24",	"2015-07-08",	"0.00",	"NIN017",	66,	"3.99",	58,	2),
(1605,	5,	9,	"2015-06-26 22:16:01",	"2015-06-25",	"1.00",	"NIN009",	97,	"3.99",	59,	3),
(1606,	6,	9,	"2015-06-26 22:16:02",	"2015-06-25",	"1.00",	"NIN009",	97,	"3.99",	59,	3),
(466,		66,	3,	"2015-07-14 09:50:03",	"2015-07-14",	"0.00",	"NIN003",	99,	"3.99",	60,	2),
(467,		67,	3,	"2015-07-14 09:50:04",	"2015-07-14",	"0.00",	"NIN003",	99,	"3.99",	60,	2),
(468,		68,	3,	"2015-07-14 09:50:05",	"2015-07-14",	"0.00",	"NIN003",	99,	"3.99",	60,	2),
(469,		69,	3,	"2015-07-14 09:50:06",	"2015-07-14",	"0.00",	"NIN003",	99,	"3.99",	60,	2),
(1862,	62,	10,	"2015-01-10 06:52:55",	"2015-01-10",	"0.00",	"NIN029",	16,	"3.99",	61,	2),
(1863,	63,	10,	"2015-01-10 06:52:55",	"2015-01-10",	"0.00",	"NIN029",	16,	"3.99",	61,	2),
(1864,	64,	10,	"2015-01-10 06:52:56",	"2015-01-10",	"0.00",	"NIN029",	16,	"3.99",	61,	2),
(1865,	65,	10,	"2015-01-10 06:52:57",	"2015-01-10",	"0.00",	"NIN029",	16,	"3.99",	61,	2),
(26,		26,	1,	"2015-10-19 02:26:49",	"2015-10-19",	"0.00",	"NIN001",	8,	"3.99",	62,	2),
(27,		27,	1,	"2015-10-19 02:26:48",	"2015-10-19",	"0.00",	"NIN001",	8,	"3.99",	62,	2),
(28,		28,	1,	"2015-10-19 02:26:47",	"2015-10-19",	"0.00",	"NIN001",	8,	"3.99",	62,	2),
(29,		29,	1,	"2015-10-19 02:26:46",	"2015-10-19",	"0.00",	"NIN001",	8,	"3.99",	62,	2),
(1596,	196,	8,	"2015-04-05 12:41:28",	"2015-04-05",	"0.00",	"NIN008",	55,	"3.99",	63,	2),
(1597,	197,	8,	"2015-04-05 12:41:27",	"2015-04-05",	"0.00",	"NIN008",	55,	"3.99",	63,	2),
(1598,	198,	8,	"2015-04-05 12:41:26",	"2015-04-05",	"0.00",	"NIN008",	55,	"3.99",	63,	2),
(1599,	199,	8,	"2015-04-05 12:41:25",	"2015-04-05",	"0.00",	"NIN008",	55,	"3.99",	63,	2),
(1155,	155,	6,	"2015-02-08 12:41:24",	"2015-02-08",	"0.00",	"NIN025",	42,	"3.99",	64,	2),
(1156,	156,	6,	"2015-02-08 12:41:23",	"2015-02-08",	"0.00",	"NIN025",	42,	"3.99",	64,	2),
(1260,	60,	7,	"0000-00-00 00:00:00",	"2015-10-27",	"0.00",	"NIN022",	14,	"3.99",	65,	3),
(1261,	61,	7,	"0000-00-00 00:00:00",	"2015-10-27",	"0.00",	"NIN022",	14,	"3.99",	65,	3),
(1262,	62,	7,	"0000-00-00 00:00:00",	"2015-10-27",	"0.00",	"NIN022",	14,	"3.99",	65,	3),
(1263,	63,	7,	"0000-00-00 00:00:00",	"2015-10-27",	"0.00",	"NIN022",	14,	"3.99",	65,	3),
(1264,	64,	7,	"0000-00-00 00:00:00",	"2015-10-27",	"0.00",	"NIN022",	14,	"3.99",	65,	3),
(790,		190,	4,	"2015-02-11 18:34:28",	"2015-02-11",	"0.00",	"NIN004",	46,	"3.99",	66,	2),
(791,		191,	4,	"2015-02-11 18:34:27",	"2015-02-11",	"0.00",	"NIN004",	46,	"3.99",	66,	2),
(792,		192,	4,	"2015-02-11 18:34:26",	"2015-02-11",	"0.00",	"NIN004",	46,	"3.99",	66,	2),
(1465,	65,	8,	"2015-01-19 18:34:26",	"2015-01-19",	"0.00",	"NIN008",	91,	"3.99",	67,	1),
(1466,	66,	8,	"2015-01-19 18:34:27",	"2015-01-19",	"0.00",	"NIN008",	91,	"3.99",	67,	1),
(1467,	67,	8,	"2015-01-19 18:34:28",	"2015-01-19",	"0.00",	"NIN008",	91,	"3.99",	67,	1),
(1468,	68,	8,	"2015-01-19 18:34:29",	"2015-01-19",	"0.00",	"NIN008",	91,	"3.99",	67,	1),
(1550,	150,	8,	"2015-09-18 12:41:28",	"2015-09-18",	"0.00",	"NIN023",	39,	"3.99",	68,	2),
(1551,	151,	8,	"2015-09-18 12:41:27",	"2015-09-18",	"0.00",	"NIN023",	39,	"3.99",	68,	2),
(475,		75,	3,	"2015-09-18 12:41:26",	"2015-09-18",	"0.00",	"NIN003",	99,	"3.99",	69,	2),
(564,		164,	3,	"2015-10-01 08:15:44",	"2015-09-30",	"1.00",	"NIN003",	79,	"3.99",	70,	2),
(565,		165,	3,	"2015-10-01 08:15:45",	"2015-09-30",	"1.00",	"NIN003",	79,	"3.99",	70,	2),
(566,		166,	3,	"2015-10-01 08:15:46",	"2015-09-30",	"1.00",	"NIN003",	79,	"3.99",	70,	2),
(1244,	44,	7,	"2015-09-23 08:15:45",	"2015-09-20",	"1.50",	"NIN007",	14,	"3.99",	71,	2),
(1245,	45,	7,	"2015-09-23 08:15:46",	"2015-09-20",	"1.50",	"NIN007",	14,	"3.99",	71,	2),
(200,		200,	1,	"2015-04-25 09:23:27",	"2015-04-25",	"0.00",	"NIN001",	90,	"3.99",	72,	2),
(199,		199,	1,	"2015-04-25 09:23:26",	"2015-04-25",	"0.00",	"NIN001",	90,	"3.99",	72,	2),
(198,		198,	1,	"2015-04-25 09:23:25",	"2015-04-25",	"0.00",	"NIN001",	90,	"3.99",	72,	2),
(1446,	46,	8,	"2015-07-05 21:44:43",	"2015-07-05",	"0.00",	"NIN031",	24,	"3.99",	73,	2),
(1447,	47,	8,	"2015-07-05 21:44:44",	"2015-07-05",	"0.00",	"NIN031",	24,	"3.99",	73,	2),
(1448,	48,	8,	"2015-07-05 21:44:45",	"2015-07-05",	"0.00",	"NIN031",	24,	"3.99",	73,	2),
(910,		110,	5,	"2015-03-31 21:29:27",	"2015-03-31",	"0.00",	"NIN005",	27,	"3.99",	74,	2),
(911,		111,	5,	"2015-03-31 21:29:28",	"2015-03-31",	"0.00",	"NIN005",	27,	"3.99",	74,	2),
(912,		112,	5,	"2015-03-31 21:29:29",	"2015-03-31",	"0.00",	"NIN005",	27,	"3.99",	74,	2),
(180,		180,	1,	"2015-04-12 12:41:28",	"2015-04-12",	"0.00",	"NIN001",	54,	"3.99",	75,	2),
(181,		181,	1,	"2015-04-12 12:41:27",	"2015-04-12",	"0.00",	"NIN001",	54,	"3.99",	75,	2),
(182,		182,	1,	"2015-04-12 12:41:26",	"2015-04-12",	"0.00",	"NIN001",	54,	"3.99",	75,	2),
(183,		183,	1,	"2015-04-12 12:41:25",	"2015-04-12",	"0.00",	"NIN001",	54,	"3.99",	75,	2),
(410,		10,	3,	"2015-07-05 05:37:05",	"2015-07-05",	"0.00",	"NIN003",	100,	"3.99",	76,	2),
(411,		11,	3,	"2015-07-05 05:37:06",	"2015-07-05",	"0.00",	"NIN003",	100,	"3.99",	76,	2),
(412,		12,	3,	"2015-07-05 05:37:07",	"2015-07-05",	"0.00",	"NIN003",	100,	"3.99",	76,	2),
(1936,	136,	10,	"2015-08-07 12:41:28",	"2015-08-07",	"0.00",	"NIN010",	93,	"3.99",	77,	2),
(1937,	137,	10,	"2015-08-07 12:41:27",	"2015-08-07",	"0.00",	"NIN010",	93,	"3.99",	77,	2),
(1938,	138,	10,	"2015-08-07 12:41:26",	"2015-08-07",	"0.00",	"NIN010",	93,	"3.99",	77,	2),
(1939,	139,	10,	"2015-08-07 12:41:25",	"2015-08-07",	"0.00",	"NIN010",	93,	"3.99",	77,	2),
(1230,	30,	7,	"2015-04-22 07:35:13",	"2015-04-23",	"0.00",	"NIN030",	13,	"3.99",	78,	2),
(1231,	31,	7,	"2015-04-22 07:35:14",	"2015-04-23",	"0.00",	"NIN030",	13,	"3.99",	78,	2),
(1232,	32,	7,	"2015-04-22 07:35:15",	"2015-04-23",	"0.00",	"NIN030",	13,	"3.99",	78,	2),
(799,		199,	4,	"2015-10-23 19:12:35",	"2015-10-23",	"0.00",	"NIN021",	44,	"3.99",	79,	2),
(800,		200,	4,	"2015-10-23 19:12:36",	"2015-10-23",	"0.00",	"NIN021",	44,	"3.99",	79,	2),
(258,		58,	2,	"2015-08-27 18:30:32",	"2015-08-27",	"0.00",	"NIN018",	98,	"3.99",	80,	2),
(259,		59,	2,	"2015-08-27 18:30:33",	"2015-08-27",	"0.00",	"NIN018",	98,	"3.99",	80,	2),
(1185,	185,	6,	"2015-01-23 18:19:47",	"2015-01-23",	"0.00",	"NIN006",	53,	"3.99",	81,	2),
(1186,	186,	6,	"2015-01-23 18:19:46",	"2015-01-23",	"0.00",	"NIN006",	53,	"3.99",	81,	2),
(1576,	176,	8,	"2015-10-23 18:19:45",	"2015-10-23",	"0.00",	"NIN031",	61,	"3.99",	82,	2),
(1577,	177,	8,	"2015-10-23 18:19:44",	"2015-10-23",	"0.00",	"NIN031",	61,	"3.99",	82,	2),
(2024,	24,	11,	"2015-08-26 16:00:44",	"2015-08-27",	"0.00",	"NIN024",	5,	"3.99",	83,	2),
(2025,	25,	11,	"2015-08-26 16:00:45",	"2015-08-27",	"0.00",	"NIN024",	5,	"3.99",	83,	2),
(1402,	2,	8,	"2015-04-06 14:12:05",	"2015-04-06",	"0.00",	"NIN008",	85,	"3.99",	84,	2),
(1403,	3,	8,	"2015-04-06 14:12:06",	"2015-04-06",	"0.00",	"NIN008",	85,	"3.99",	84,	2),
(1404,	4,	8,	"2015-04-06 14:12:07",	"2015-04-06",	"0.00",	"NIN008",	85,	"3.99",	84,	2),
(1405,	5,	8,	"2015-04-06 14:12:08",	"2015-04-06",	"0.00",	"NIN008",	85,	"3.99",	84,	2),
(1901,	101,	10,	"2015-05-25 12:41:28",	"2015-05-27",	"0.00",	"NIN028",	21,	"3.99",	85,	2),
(1902,	102,	10,	"2015-05-25 12:41:27",	"2015-05-27",	"0.00",	"NIN028",	21,	"3.99",	85,	2),
(1903,	103,	10,	"2015-05-25 12:41:26",	"2015-05-27",	"0.00",	"NIN028",	21,	"3.99",	85,	2),
(801,		1,	5,	"2015-04-07 12:41:28",	"2015-04-07",	"0.00",	"NIN005",	72,	"3.99",	86,	2),
(802,		2,	5,	"2015-04-07 12:41:29",	"2015-04-07",	"0.00",	"NIN005",	72,	"3.99",	86,	2),
(803,		3,	5,	"2015-04-07 12:41:30",	"2015-04-07",	"0.00",	"NIN005",	72,	"3.99",	86,	2),
(1022,	22,	6,	"2015-07-07 12:41:28",	"2015-07-07",	"0.00",	"NIN025",	15,	"3.99",	87,	2),
(1023,	23,	6,	"2015-07-07 12:41:29",	"2015-07-07",	"0.00",	"NIN025",	15,	"3.99",	87,	2),
(1024,	24,	6,	"2015-07-07 12:41:30",	"2015-07-07",	"0.00",	"NIN025",	15,	"3.99",	87,	2),
(1099,	99,	6,	"2015-01-22 06:31:47",	"2015-01-22",	"0.00",	"NIN006",	17,	"3.99",	88,	2),
(1100,	100,	6,	"2015-01-22 06:31:48",	"2015-01-22",	"0.00",	"NIN006",	17,	"3.99",	88,	2),
(1140,	140,	6,	"2015-10-25 03:32:57",	"2015-10-25",	"0.00",	"NIN006",	42,	"3.99",	89,	2),
(1141,	141,	6,	"2015-10-25 03:32:58",	"2015-10-25",	"0.00",	"NIN006",	42,	"3.99",	89,	2),
(1142,	142,	6,	"2015-10-25 03:32:59",	"2015-10-25",	"0.00",	"NIN006",	42,	"3.99",	89,	2),
(1143,	143,	6,	"2015-10-25 03:33:00",	"2015-10-25",	"0.00",	"NIN006",	42,	"3.99",	89,	2),
(875,		75,	5,	"2015-04-08 12:41:28",	"2015-04-08",	"0.00",	"NIN015",	23,	"3.99",	90,	2),
(876,		76,	5,	"2015-04-08 12:41:27",	"2015-04-08",	"0.00",	"NIN015",	23,	"3.99",	90,	2),
(877,		77,	5,	"2015-04-08 12:41:26",	"2015-04-08",	"0.00",	"NIN015",	23,	"3.99",	90,	2),
(1236,	36,	7,	"2015-05-25 19:08:45",	"2015-05-25",	"0.00",	"NIN022",	13,	"3.99",	91,	2),
(1237,	37,	7,	"2015-05-25 19:08:46",	"2015-05-25",	"0.00",	"NIN022",	13,	"3.99",	91,	2),
(690,		90,	4,	"0000-00-00 00:00:00",	"2015-11-07",	"0.00",	"NIN021",	20,	"3.99",	92,	3),
(691,		91,	4,	"0000-00-00 00:00:00",	"2015-11-07",	"0.00",	"NIN021",	20,	"3.99",	92,	3),
(692,		92,	4,	"0000-00-00 00:00:00",	"2015-11-07",	"0.00",	"NIN021",	20,	"3.99",	92,	3),
(693,		93,	4,	"0000-00-00 00:00:00",	"2015-11-07",	"0.00",	"NIN021",	20,	"3.99",	92,	3),
(2189,	189,	11,	"2015-10-04 22:07:27",	"2015-10-04",	"0.00",	"NIN024",	57,	"3.99",	93,	2),
(2188,	188,	11,	"2015-10-04 22:07:28",	"2015-10-04",	"0.00",	"NIN024",	57,	"3.99",	93,	2),
(2187,	187,	11,	"2015-10-04 22:07:29",	"2015-10-04",	"0.00",	"NIN024",	57,	"3.99",	93,	2),
(1645,	45,	9,	"2015-10-20 13:19:06",	"2015-10-20",	"0.00",	"NIN026",	78,	"3.99",	94,	2),
(1,		1,	1,	"0000-00-00 00:00:00",	"2015-10-01",	"0.00",	"NIN001",	1,	"3.99",	95,	3),
(2,		2,	1,	"0000-00-00 00:00:00",	"2015-10-01",	"0.00",	"NIN001",	1,	"3.99",	95,	3),
(3,		3,	1,	"0000-00-00 00:00:00",	"2015-10-01",	"0.00",	"NIN001",	1,	"3.99",	95,	3),
(4,		4,	1,	"0000-00-00 00:00:00",	"2015-10-01",	"0.00",	"NIN001",	1,	"3.99",	95,	3),
(2296,	96,	12,	"2015-02-17 20:15:51",	"2015-02-17",	"0.00",	"NIN016",	96,	"3.99",	96,	2),
(2297,	97,	12,	"2015-02-17 20:15:52",	"2015-02-17",	"0.00",	"NIN016",	96,	"3.99",	96,	2),
(2298,	98,	12,	"2015-02-17 20:15:53",	"2015-02-17",	"0.00",	"NIN016",	96,	"3.99",	96,	2),
(514,		114,	3,	"2015-05-28 12:41:28",	"2015-05-28",	"0.00",	"NIN020",	26,	"3.99",	97,	2),
(515,		115,	3,	"2015-05-28 12:41:28",	"2015-05-28",	"0.00",	"NIN020",	26,	"3.99",	97,	2),
(516,		116,	3,	"2015-05-28 12:41:28",	"2015-05-28",	"0.00",	"NIN020",	26,	"3.99",	97,	2),
(517,		117,	3,	"2015-05-28 12:41:28",	"2015-05-28",	"0.00",	"NIN020",	26,	"3.99",	97,	2),
(575,		175,	3,	"2015-08-27 03:56:02",	"2015-08-27",	"0.00",	"NIN003",	52,	"3.99",	98,	2),
(576,		176,	3,	"2015-08-27 03:56:02",	"2015-08-27",	"0.00",	"NIN003",	52,	"3.99",	98,	2),
(577,		177,	3,	"2015-08-27 03:56:02",	"2015-08-27",	"0.00",	"NIN003",	52,	"3.99",	98,	2),
(578,		178,	3,	"2015-08-27 03:56:02",	"2015-08-27",	"0.00",	"NIN003",	52,	"3.99",	98,	2),
(581,		181,	3,	"2015-02-18 12:41:28",	"2015-02-18",	"0.00",	"NIN003",	100,	"3.99",	99,	2),
(582,		182,	3,	"2015-02-18 12:41:28",	"2015-02-18",	"0.00",	"NIN003",	100,	"3.99",	99,	2),
(323,		123,	2,	"2015-10-19 23:45:31",	"2015-10-18",	"1.00",	"NIN018",	71,	"3.99",	100,	2),
(324,		124,	2,	"2015-10-19 23:45:31",	"2015-10-18",	"1.00",	"NIN018",	71,	"3.99",	100,	2),
(325,		125,	2,	"2015-10-19 23:45:31",	"2015-10-18",	"1.00",	"NIN018",	71,	"3.99",	100,	2),
(5,		5,	1,	"0000-00-00 00:00:00",	"2015-11-02",	"0.00",	"NIN001",	1,	"3.99",	101,	1),
(406,		6,	3,	"0000-00-00 00:00:00",	"2015-10-18",	"0.00",	"NIN020",	2,	"3.99",	102,	3),
(1612,	12,	9,	"0000-00-00 00:00:00",	"2015-11-03",	"0.00",	"NIN026",	7,	"3.99",	103,	1);
SET foreign_key_checks = 1;

INSERT INTO frs_DebitCard(payid, dcno, dctype, dcexpr) values 

(3,	"3420756202386641",	"Switch",		"04:16"),
(21,	"3453658045567581",	"Maestro",		"02:17"),
(31,	"5159813519539310",	"Solo",			"08:18"),
(36,	"3495203042598441",	"Maestro",		"06:18"),
(55,	"3434649287150281",	"Visa Electron",	"11:18"),
(72,	"3417557786740371",	"Solo",			"02:17"),
(78,	"4617674014344815",	"Switch",		"04:17"),
(80,	"4317408217769119",	"Solo",			"02:16"),
(89,	"5454545267656281",	"Visa Electron",	"11:18"),
(92,	"3776126370900371",	"Solo",			"09:18");

INSERT INTO frs_CreditCard(payid, ccno, cctype, ccexpr) values 

(1,	"3491228825864371",	"American Express",	"02:17"),
(6,	"3748783640596031",	"Visa",			"07:18"),
(7,	"4893045943649480",	"MasterCard",		"08:16"),
(16,	"3456246218765141",	"Visa",			"08:17"),
(25,	"5199681550753308",	"Visa",			"07:16"),
(32,	"5128997130538334",	"Visa",			"07:17"),
(37,	"5347588450396438",	"Visa",			"04:16"),
(46,	"4917391640739511",	"Visa",			"03:19"),
(54,	"3449037578357391",	"Visa",			"10:16"),
(59,	"5122679612711070",	"Visa",			"09:17"),
(60,	"5157457621535283",	"MasterCard",		"10:17"),
(65,	"5163781906450165",	"MasterCard",		"03:19"),
(69,	"5186210700422520",	"American Express",	"01:18"),
(77,	"5154679913013247",	"Visa",			"12:16"),
(83,	"5366894733016375",	"Visa",			"12:17"),
(91,	"4941820215573539",	"Visa",			"12:16"),
(93,	"5179435899443925",	"MasterCard",		"10:18");

INSERT INTO frs_Cheque(payid, chequeno, bankno, bankname) values 

(14,	212,	"EE460264544561689433",	"Yorkshire"),
(15,	273,	"AT506259988559391188",	"Nat West"),
(71,	233,	"NL09SOSW5977462894",	"Halifax"),
(73,	277,	"GL2827076182503853",	"Lloyds TSB"),
(75,	217,	"KZ904000617179373416",	"Lloyds TSB"),
(76,	229,	"SI95123440154505106",	"Halifax"),
(81,	232,	"SE579174002817277638",	"HSBC");


INSERT INTO frs_Cash(payid) values

(2),(4),(5),(8),(9),(10),(11),(12),(13),(17),(18),(19),(20),(22),(23),(24),(26),(27),(28),(29),(30),(33),(34),(35),(38),(39),(40),(41),(42),(43),(44),(45),(47),(48),(49),(50),(51),(52),(53),(56),(57),(58),(61),(62),(63),(64),(66),(67),(68),(70),(74),(79),(82),(84),(85),(86),(87),(88),(90),(94),(95),(96),(97),(98),(99),(100);